location,site,year1stTag,tag,plot,dah.yr0,dah.yr1,dah.yr1.max,height.yr0,height.yr1,stems.yr0,stems.yr1,yr0,dens.cont.yr0,densEffect.yr0,dah.superclass.yr0,mortality.yr1,name,nhlc
unh,eff,2010,257,107,0.97,1.1,NA,182,209,1,2,2010,15,8,B,NA,eff107,NA
unh,eff,2010,258,107,0.43,0.58,NA,79,96,1,2,2010,15,14,A,NA,eff107,NA
unh,eff,2010,259,107,0.46,0.51,NA,75,91,1,1,2010,15,14,A,NA,eff107,NA
unh,eff,2010,260,109,1.08,1.12,NA,184,184,1,1,2010,13,10,B,NA,eff109,NA
unh,eff,2010,261,109,0.3,0.32,NA,62,70,2,2,2010,13,12,A,NA,eff109,NA
unh,eff,2010,262,109,2.03,2.34,NA,343,370,1,1,2010,13,0,C,NA,eff109,NA
unh,eff,2010,263,114,1.71,1.67,NA,289,290,2,2,2010,11,1,B,NA,eff114,NA
unh,eff,2010,264,114,0.8,0.67,NA,134,137,1,1,2010,11,4,B,NA,eff114,NA
unh,eff,2010,265,114,0.21,0.22,NA,36,39,1,1,2010,11,10,A,NA,eff114,NA
unh,eff,2010,266,114,0.43,0.4,NA,64,73,4,1,2010,11,10,A,NA,eff114,NA
unh,eff,2010,201,12,0.16,0.19,NA,19,27,1,1,2010,4,3,A,NA,eff12,NA
unh,eff,2010,267,120,0.93,1.09,NA,200,170,1,1,2010,2,1,B,NA,eff120,NA
unh,eff,2010,346,122,0.49,0.54,NA,75,92,1,2,2010,12,11,A,NA,eff122,NA
unh,eff,2010,347,122,0.34,0.35,NA,42,45,1,4,2010,12,11,A,NA,eff122,NA
unh,eff,2010,268,123,2.31,2.61,NA,350,401,3,2,2010,7,0,C,NA,eff123,NA
unh,eff,2010,269,123,0.27,0.31,NA,40,57,1,2,2010,7,6,A,NA,eff123,NA
unh,eff,2010,270,123,0.56,0.62,NA,106,121,1,1,2010,7,3,B,NA,eff123,NA
unh,eff,2010,271,123,0.32,0.34,NA,41,51,1,1,2010,7,6,A,NA,eff123,NA
unh,eff,2010,272,125,0.94,1.08,NA,163,187,2,2,2010,14,1,B,NA,eff125,NA
unh,eff,2010,273,125,0.67,0.69,NA,95,116,1,1,2010,14,7,B,NA,eff125,NA
unh,eff,2010,274,125,0.36,0.49,NA,27,81,2,1,2010,14,13,A,NA,eff125,NA
unh,eff,2010,275,125,0.3,0.32,NA,45,57,1,1,2010,14,13,A,NA,eff125,NA
unh,eff,2010,276,129,0.71,0.74,NA,147,159,1,1,2010,8,4,B,NA,eff129,NA
unh,eff,2010,277,129,0.25,0.35,NA,26,47,1,1,2010,8,7,A,NA,eff129,NA
unh,eff,2010,202,13,0.38,0.39,NA,20,27,1,1,2010,1,0,A,0,eff13,NA
unh,eff,2010,278,130,2.92,3.28,NA,400,401,1,2,2010,13,0,C,NA,eff130,NA
unh,eff,2010,279,130,0.84,0.85,NA,199,212,1,1,2010,13,8,B,NA,eff130,NA
unh,eff,2010,280,130,0.35,0.3,NA,35,46,1,1,2010,13,12,A,NA,eff130,NA
unh,eff,2010,281,130,0.28,0.38,NA,42,59,1,1,2010,13,12,A,NA,eff130,NA
unh,eff,2010,282,137,0.32,0.19,NA,51,33,3,3,2010,10,9,A,NA,eff137,NA
unh,eff,2010,283,137,0.9,1.04,NA,151,170,1,1,2010,10,4,B,NA,eff137,NA
unh,eff,2010,284,137,0.3,0.31,NA,41,61,1,1,2010,10,9,A,NA,eff137,NA
unh,eff,2010,285,137,1.57,1.75,NA,244,265,4,5,2010,10,2,B,NA,eff137,NA
unh,eff,2010,286,139,0.23,0.25,NA,34,45,1,1,2010,11,10,A,NA,eff139,NA
unh,eff,2010,287,139,0.77,0.82,NA,230,240,3,4,2010,11,5,B,NA,eff139,NA
unh,eff,2010,288,142,0.32,0.33,NA,47,51,1,1,2010,8,7,A,NA,eff142,NA
unh,eff,2010,289,142,0.48,0.46,NA,81,93,1,1,2010,8,4,A,NA,eff142,NA
unh,eff,2010,348,143,0.28,0.35,NA,60,65,2,2,2010,7,6,A,NA,eff143,NA
unh,eff,2010,349,143,0.21,0.24,NA,36,47,1,2,2010,7,6,A,NA,eff143,NA
unh,eff,2010,290,144,1.5,1.65,NA,267,326,4,4,2010,10,0,B,NA,eff144,NA
unh,eff,2010,291,144,0.4,0.42,NA,42,69,1,1,2010,10,9,A,NA,eff144,NA
unh,eff,2010,292,144,0.73,0.75,NA,147,152,3,3,2010,10,4,B,NA,eff144,NA
unh,eff,2010,293,144,0.22,0.26,NA,28,37,1,1,2010,10,9,A,NA,eff144,NA
unh,eff,2010,295,159,0.56,0.6,NA,119,124,1,3,2010,12,8,B,NA,eff159,NA
unh,eff,2010,296,159,0.3,0.34,NA,42,64,1,1,2010,12,11,A,NA,eff159,NA
unh,eff,2010,297,159,0.45,0.56,NA,73,101,1,1,2010,12,11,A,NA,eff159,NA
unh,eff,2010,294,160,2.7,3.35,NA,348,380,1,1,2010,4,0,C,NA,eff160,NA
unh,eff,2010,298,169,0.23,0.25,NA,24,34,1,1,2010,10,9,A,NA,eff169,NA
unh,eff,2010,299,169,0.32,0.41,NA,39,62,1,3,2010,10,9,A,NA,eff169,NA
unh,eff,2010,301,169,0.52,0.58,NA,98,105,1,1,2010,10,6,B,NA,eff169,NA
unh,eff,2010,302,169,1.05,1.32,NA,189,223,1,5,2010,10,0,B,NA,eff169,NA
unh,eff,2010,303,172,0.8,0.85,NA,115,155,1,1,2010,6,5,B,NA,eff172,NA
unh,eff,2010,304,172,0.3,0.37,NA,41,71,2,2,2010,6,5,A,NA,eff172,NA
unh,eff,2010,305,175,0.34,0.42,NA,61,70,1,1,2010,5,4,A,NA,eff175,NA
unh,eff,2010,306,175,1.01,1.14,NA,174,193,1,1,2010,5,2,B,NA,eff175,NA
unh,eff,2010,307,175,2.13,2.55,NA,359,395,1,1,2010,5,0,C,NA,eff175,NA
unh,eff,2010,308,176,0.96,1.17,NA,172,193,2,2,2010,8,4,B,NA,eff176,NA
unh,eff,2010,309,176,0.46,0.48,NA,81,90,2,2,2010,8,7,A,NA,eff176,NA
unh,eff,2010,310,178,0.3,0.33,NA,46,59,1,1,2010,6,5,A,NA,eff178,NA
unh,eff,2010,311,182,0.67,0.75,NA,122,142,1,1,2010,16,1,B,NA,eff182,NA
unh,eff,2010,312,182,0.47,0.54,NA,97,116,1,1,2010,16,1,A,NA,eff182,NA
unh,eff,2010,313,182,0.33,0.32,NA,54,25,1,1,2010,16,15,A,NA,eff182,NA
unh,eff,2010,314,182,0.19,0.25,NA,19,31,1,1,2010,16,15,A,NA,eff182,NA
unh,eff,2010,318,187,0.32,0.46,NA,42,76,1,1,2010,12,11,A,NA,eff187,NA
unh,eff,2010,315,188,1.18,1.29,NA,178,212,3,3,2010,6,0,B,NA,eff188,NA
unh,eff,2010,316,188,0.91,1.12,NA,134,193,1,1,2010,6,4,B,NA,eff188,NA
unh,eff,2010,317,188,0.22,0.25,NA,33,41,4,3,2010,6,5,A,NA,eff188,NA
unh,eff,2010,335,19,0.29,0.36,NA,51,68,1,1,2010,11,10,A,NA,eff19,NA
unh,eff,2010,336,19,0.85,1.21,NA,111,169,1,1,2010,11,0,B,NA,eff19,NA
unh,eff,2010,337,19,0.32,0.86,NA,38,99,1,1,2010,11,10,A,NA,eff19,NA
unh,eff,2010,319,191,0.41,0.48,NA,69,89,1,1,2010,4,3,A,NA,eff191,NA
unh,eff,2010,320,191,0.19,0.23,NA,28,33,1,1,2010,4,3,A,NA,eff191,NA
unh,eff,2010,321,193,1.11,1.24,NA,215,225,1,1,2010,12,2,B,NA,eff193,NA
unh,eff,2010,322,193,1.35,1.51,NA,244,270,2,2,2010,12,2,B,NA,eff193,NA
unh,eff,2010,323,193,0.35,0.36,NA,44,60,1,1,2010,12,11,A,NA,eff193,NA
unh,eff,2010,324,198,0.21,0.22,NA,27,32,1,1,2010,26,25,A,NA,eff198,NA
unh,eff,2010,325,198,0.5,0.62,NA,97,115,1,1,2010,26,10,B,NA,eff198,NA
unh,eff,2010,326,198,0.74,0.83,NA,146,160,1,3,2010,26,10,B,NA,eff198,NA
unh,eff,2010,350,199,0.16,0.21,NA,18,31,1,2,2010,12,11,A,NA,eff199,NA
unh,eff,2010,351,199,0.24,0.27,NA,29,43,1,1,2010,12,11,A,NA,eff199,NA
unh,eff,2010,327,201,0.43,0.55,NA,71,96,3,3,2010,17,16,A,NA,eff201,NA
unh,eff,2010,328,201,0.85,0.96,NA,125,172,1,3,2010,17,9,B,NA,eff201,NA
unh,eff,2010,329,201,1.14,1.24,NA,177,192,4,5,2010,17,0,B,NA,eff201,NA
unh,eff,2010,330,213,0.47,0.49,NA,76,83,2,2,2010,18,17,A,NA,eff213,NA
unh,eff,2010,331,213,0.85,1.08,NA,138,175,1,1,2010,18,7,B,NA,eff213,NA
unh,eff,2010,332,215,1.08,1.14,NA,211,230,2,2,2010,8,0,B,NA,eff215,NA
unh,eff,2010,333,215,0.85,0.83,NA,143,157,1,1,2010,8,3,B,NA,eff215,NA
unh,eff,2010,334,215,0.34,0.43,NA,42,60,1,1,2010,8,7,A,NA,eff215,NA
unh,eff,2010,206,25,1.86,2.08,NA,401,401,8,8,2010,2,0,B,NA,eff25,NA
unh,eff,2010,203,27,0.78,0.78,NA,145,118,1,1,2010,5,1,B,NA,eff27,NA
unh,eff,2010,204,27,0.26,0.21,NA,21,27,1,1,2010,5,4,A,NA,eff27,NA
unh,eff,2010,205,27,0.16,0.19,NA,21,25,1,1,2010,5,4,A,NA,eff27,NA
unh,eff,2010,207,31,0.32,0.47,NA,39,63,4,2,2010,2,1,A,NA,eff31,NA
unh,eff,2010,208,31,0.42,0.55,NA,75,91,1,1,2010,2,1,A,NA,eff31,NA
unh,eff,2010,209,34,0.31,0.34,NA,32,51,2,1,2010,8,7,A,NA,eff34,NA
unh,eff,2010,210,34,0.44,0.57,NA,74,104,1,1,2010,8,1,A,NA,eff34,NA
unh,eff,2010,211,34,0.35,0.48,NA,57,91,1,1,2010,8,7,A,NA,eff34,NA
unh,eff,2010,214,34,0.58,0.75,NA,95,120,1,1,2010,8,1,B,NA,eff34,NA
unh,eff,2010,213,35,0.23,0.36,NA,29,41,1,1,2010,1,0,A,NA,eff35,NA
unh,eff,2010,338,44,0.98,0.45,NA,110,106,1,2,2010,5,3,B,NA,eff44,NA
unh,eff,2010,339,44,0.25,0.26,NA,52,55,1,1,2010,5,4,A,NA,eff44,NA
unh,eff,2010,212,49,2.29,2.48,NA,390,401,1,1,2010,7,0,C,NA,eff49,NA
unh,eff,2010,215,51,0.21,0.26,NA,34,44,1,1,2010,4,3,A,NA,eff51,NA
unh,eff,2010,216,51,0.48,0.51,NA,103,120,4,4,2010,4,1,A,NA,eff51,NA
unh,eff,2010,217,51,0.54,0.68,NA,124,139,5,4,2010,4,1,B,NA,eff51,NA
unh,eff,2010,218,51,0.39,0.41,NA,52,51,6,4,2010,4,3,A,NA,eff51,NA
unh,eff,2010,219,61,0.51,0.61,NA,114,119,1,1,2010,2,0,B,NA,eff61,NA
unh,eff,2010,220,61,0.19,0.26,NA,34,50,3,3,2010,2,1,A,NA,eff61,NA
unh,eff,2010,221,62,1.39,1.45,NA,211,255,2,2,2010,18,0,B,NA,eff62,NA
unh,eff,2010,222,62,0.93,1,NA,123,156,1,1,2010,18,6,B,NA,eff62,NA
unh,eff,2010,223,62,0.61,0.81,NA,118,144,2,3,2010,18,6,B,NA,eff62,NA
unh,eff,2010,224,62,0.25,0.38,NA,49,60,1,1,2010,18,17,A,NA,eff62,NA
unh,eff,2010,225,62,0.3,0.42,NA,51,67,1,1,2010,18,17,A,NA,eff62,NA
unh,eff,2010,226,63,0.91,1.02,NA,153,167,1,1,2010,12,2,B,NA,eff63,NA
unh,eff,2010,227,63,0.66,0.74,NA,124,143,1,1,2010,12,2,B,NA,eff63,NA
unh,eff,2010,228,63,0.38,0.45,NA,57,76,1,1,2010,12,11,A,NA,eff63,NA
unh,eff,2010,229,66,0.71,0.83,NA,140,148,1,1,2010,7,4,B,NA,eff66,NA
unh,eff,2010,230,66,0.37,0.59,NA,61,100,1,1,2010,7,6,A,NA,eff66,NA
unh,eff,2010,231,66,1.23,1.27,NA,195,227,1,1,2010,7,-1,B,NA,eff66,NA
unh,eff,2010,232,76,0.86,0.94,NA,144,161,1,1,2010,12,0,B,NA,eff76,NA
unh,eff,2010,233,76,0.23,0.28,NA,35,43,1,1,2010,12,11,A,NA,eff76,NA
unh,eff,2010,234,76,0.42,0.48,NA,59,76,1,1,2010,12,11,A,NA,eff76,NA
unh,eff,2010,235,77,0.67,0.77,NA,119,139,1,1,2010,30,8,B,NA,eff77,NA
unh,eff,2010,236,77,0.7,0.84,NA,139,170,2,2,2010,30,8,B,NA,eff77,NA
unh,eff,2010,237,77,0.34,0.39,NA,55,65,1,1,2010,30,29,A,NA,eff77,NA
unh,eff,2010,238,77,0.37,0.42,NA,40,63,1,1,2010,30,29,A,NA,eff77,NA
unh,eff,2010,239,82,0.23,0.27,NA,26,41,1,1,2010,11,10,A,NA,eff82,NA
unh,eff,2010,240,82,0.59,0.68,NA,147,157,2,3,2010,11,1,B,NA,eff82,NA
unh,eff,2010,241,82,0.24,0.32,NA,28,45,1,1,2010,11,10,A,NA,eff82,NA
unh,eff,2010,242,84,3.46,3.98,NA,401,401,1,1,2010,14,0,C,NA,eff84,NA
unh,eff,2010,243,84,0.79,0.75,NA,170,186,2,2,2010,14,3,B,NA,eff84,NA
unh,eff,2010,244,84,0.28,0.3,NA,41,50,1,1,2010,14,13,A,NA,eff84,NA
unh,eff,2010,245,84,1.16,1.25,NA,240,252,1,1,2010,14,0,B,NA,eff84,NA
unh,eff,2010,246,85,0.65,0.7,NA,140,84,5,5,2010,1,-1,B,NA,eff85,NA
unh,eff,2010,340,88,3.19,3.42,NA,401,401,2,2,2010,8,1,C,NA,eff88,NA
unh,eff,2010,341,88,0.33,0.36,NA,53,57,1,2,2010,8,7,A,0,eff88,NA
unh,eff,2010,342,88,0.38,0.38,NA,59,69,1,1,2010,8,7,A,NA,eff88,NA
unh,eff,2010,247,92,0.44,0.46,NA,68,50,2,2,2010,23,22,A,NA,eff92,NA
unh,eff,2010,248,92,0.9,0.93,NA,170,189,5,5,2010,23,5,B,NA,eff92,NA
unh,eff,2010,249,92,0.25,NA,NA,34,NA,1,NA,2010,23,22,A,1,eff92,NA
unh,eff,2010,250,93,0.8,0.94,NA,120,150,1,2,2010,24,12,B,NA,eff93,NA
unh,eff,2010,251,93,1.33,1.51,NA,237,260,4,5,2010,24,-1,B,NA,eff93,NA
unh,eff,2010,252,93,0.27,0.33,NA,37,50,3,4,2010,24,23,A,NA,eff93,NA
unh,eff,2010,253,95,1.11,1.21,NA,172,199,2,2,2010,26,1,B,NA,eff95,NA
unh,eff,2010,254,95,0.7,0.94,NA,139,181,1,1,2010,26,11,B,NA,eff95,NA
unh,eff,2010,255,95,0.26,0.34,NA,27,55,1,1,2010,26,25,A,NA,eff95,NA
unh,eff,2010,256,95,0.42,0.4,NA,33,48,1,1,2010,26,25,A,NA,eff95,NA
unh,eff,2010,343,99,0.45,0.45,NA,56,67,1,1,2010,15,14,A,NA,eff99,NA
unh,eff,2010,344,99,0.3,0.35,NA,49,60,1,2,2010,15,14,A,NA,eff99,NA
unh,eff,2010,345,99,2.1,2.35,NA,361,401,2,3,2010,15,0,C,NA,eff99,NA
unh,wff,2010,352,2,1.28,1.32,NA,186,202,1,1,2010,6,5,B,NA,wff2,1
unh,wff,2010,353,2,2.14,2.31,NA,381,392,1,1,2010,6,3,C,NA,wff2,1
unh,wff,2010,354,2,2.86,2.85,NA,401,401,10,9,2010,6,3,C,NA,wff2,1
unh,wff,2010,355,2,1.31,1.43,NA,217,240,1,1,2010,6,5,B,NA,wff2,1
unh,wff,2010,356,2,3.62,3.75,NA,401,451,9,7,2010,6,0,D,NA,wff2,1
unh,wff,2010,357,2,3.24,3.43,NA,356,400,2,3,2010,6,3,C,NA,wff2,1
unh,wff,2010,358,2010-2,3.91,4.1,NA,401,401,2,2,2010,8,3,D,NA,wff2010-2,NA
unh,wff,2010,359,2010-2,3.84,4.11,NA,401,401,1,1,2010,8,3,D,NA,wff2010-2,NA
unh,wff,2010,360,2010-2,3.63,3.85,NA,401,401,3,3,2010,8,3,D,NA,wff2010-2,NA
unh,wff,2010,361,2010-2,5.01,5.5,NA,401,401,2,2,2010,8,3,D,NA,wff2010-2,NA
unh,wff,2010,362,2010-2,1.08,1.27,NA,190,212,1,1,2010,8,7,B,NA,wff2010-2,NA
unh,wff,2010,363,2010-2,1.38,1.4,NA,260,267,1,1,2010,8,7,B,NA,wff2010-2,NA
unh,wff,2010,364,2010-2,0.51,0.49,NA,84,99,1,1,2010,8,7,B,NA,wff2010-2,NA
unh,wff,2010,365,2010-2,0.54,0.61,NA,104,115,1,1,2010,8,7,B,NA,wff2010-2,NA
unh,wff,2010,366,2010-3,0.49,0.42,NA,72,77,1,1,2010,7,6,A,NA,wff2010-3,NA
unh,wff,2010,367,2010-3,2.74,3.21,NA,401,401,1,1,2010,7,3,C,NA,wff2010-3,NA
unh,wff,2010,368,2010-3,1.71,1.7,NA,260,283,2,3,2010,7,5,B,NA,wff2010-3,NA
unh,wff,2010,369,2010-3,2.85,3.54,NA,368,385,3,5,2010,7,3,C,NA,wff2010-3,NA
unh,wff,2010,370,2010-3,2.15,2.15,NA,360,401,1,1,2010,7,3,C,NA,wff2010-3,NA
unh,wff,2010,371,2010-3,0.86,0.89,NA,176,187,1,1,2010,7,5,B,NA,wff2010-3,NA
unh,wff,2010,372,2010-3,3.48,3.8,NA,401,401,7,7,2010,7,3,C,NA,wff2010-3,NA
unh,wff,2010,373,2010-4,1.43,1.6,NA,340,360,1,1,2010,8,7,B,NA,wff2010-4,NA
unh,wff,2010,374,2010-4,2.71,2.94,NA,401,401,3,3,2010,8,5,C,NA,wff2010-4,NA
unh,wff,2010,375,2010-4,2.6,2.87,NA,401,401,1,1,2010,8,5,C,NA,wff2010-4,NA
unh,wff,2010,376,2010-4,2.4,2.62,NA,395,401,2,2,2010,8,5,C,NA,wff2010-4,NA
unh,wff,2010,377,2010-4,3.14,3.25,NA,401,401,5,5,2010,8,5,C,NA,wff2010-4,NA
unh,wff,2010,378,2010-4,2.62,2.77,NA,390,401,4,4,2010,8,5,C,NA,wff2010-4,NA
unh,wff,2010,379,2010-4,2.23,2.31,NA,343,370,2,2,2010,8,5,C,NA,wff2010-4,NA
unh,wff,2010,380,2010-4,0.73,0.75,NA,192,215,1,1,2010,8,7,B,NA,wff2010-4,NA
unh,wff,2010,381,2010-5,3.23,3.55,NA,401,401,3,4,2010,3,1,C,NA,wff2010-5,NA
unh,wff,2010,382,2010-5,2.37,2.64,NA,400,401,1,1,2010,3,1,C,NA,wff2010-5,NA
unh,wff,2010,383,2010-5,1.37,1.6,NA,220,280,1,1,2010,3,2,B,NA,wff2010-5,NA
unh,eff,2010,257,107,1.1,1.23,NA,209,242,2,2,2011,15,8,B,NA,eff107,NA
unh,eff,2010,258,107,0.58,0.61,NA,96,120,2,2,2011,15,14,B,NA,eff107,NA
unh,eff,2010,259,107,0.51,0.59,NA,91,110,1,1,2011,15,14,B,NA,eff107,NA
unh,eff,2010,260,109,1.12,1.13,NA,184,213,1,1,2011,13,10,B,NA,eff109,NA
unh,eff,2010,261,109,0.32,0.36,NA,70,75,2,2,2011,13,12,A,NA,eff109,NA
unh,eff,2010,262,109,2.34,2.55,NA,370,382,1,1,2011,13,0,C,NA,eff109,NA
unh,eff,2010,263,114,1.67,1.66,NA,290,298,2,1,2011,11,1,B,NA,eff114,NA
unh,eff,2010,264,114,0.67,0.61,NA,137,147,1,1,2011,11,4,B,NA,eff114,NA
unh,eff,2010,265,114,0.22,0.2,NA,39,34,1,2,2011,11,10,A,NA,eff114,NA
unh,eff,2010,266,114,0.4,0.44,NA,73,83,1,1,2011,11,10,A,NA,eff114,NA
unh,eff,2010,201,12,0.19,0.18,NA,27,31,1,2,2011,4,3,A,NA,eff12,NA
unh,eff,2010,267,120,1.09,1.1,NA,170,169,1,1,2011,2,1,B,NA,eff120,NA
unh,eff,2010,346,122,0.54,0.65,NA,92,113,2,2,2011,12,11,B,NA,eff122,NA
unh,eff,2010,347,122,0.35,0.35,NA,45,48,4,4,2011,12,11,A,NA,eff122,NA
unh,eff,2010,268,123,2.61,2.65,NA,401,401,2,2,2011,7,0,C,NA,eff123,NA
unh,eff,2010,269,123,0.31,0.35,NA,57,75,2,2,2011,7,6,A,NA,eff123,NA
unh,eff,2010,270,123,0.62,0.74,NA,121,138,1,1,2011,7,3,B,NA,eff123,NA
unh,eff,2010,271,123,0.34,0.45,NA,51,66,1,1,2011,7,6,A,NA,eff123,NA
unh,eff,2010,272,125,1.08,1.08,NA,187,209,2,1,2011,14,1,B,NA,eff125,NA
unh,eff,2010,273,125,0.69,0.75,NA,116,125,1,1,2011,14,7,B,NA,eff125,NA
unh,eff,2010,274,125,0.49,0.45,NA,81,114,1,1,2011,14,13,A,NA,eff125,NA
unh,eff,2010,275,125,0.32,0.3,NA,57,64,1,1,2011,14,13,A,NA,eff125,NA
unh,eff,2010,276,129,0.74,0.76,NA,159,171,1,1,2011,8,4,B,NA,eff129,NA
unh,eff,2010,277,129,0.35,0.4,NA,47,71,1,1,2011,8,7,A,NA,eff129,NA
unh,eff,2010,202,13,0.39,NA,NA,27,NA,1,NA,2011,1,0,A,1,eff13,NA
unh,eff,2010,278,130,3.28,3.41,3.53,401,501,2,2,2011,13,0,C,NA,eff130,NA
unh,eff,2010,279,130,0.85,0.98,NA,212,225,1,1,2011,13,8,B,NA,eff130,NA
unh,eff,2010,280,130,0.3,0.29,NA,46,52,1,1,2011,13,12,A,NA,eff130,NA
unh,eff,2010,281,130,0.38,0.38,NA,59,70,1,1,2011,13,12,A,NA,eff130,NA
unh,eff,2010,282,137,0.19,0.2,NA,33,39,3,2,2011,10,9,A,NA,eff137,NA
unh,eff,2010,283,137,1.04,1.31,NA,170,187,1,1,2011,10,4,B,NA,eff137,NA
unh,eff,2010,284,137,0.31,0.33,NA,61,69,1,1,2011,10,9,A,NA,eff137,NA
unh,eff,2010,285,137,1.75,1.89,NA,265,304,5,5,2011,10,2,B,NA,eff137,NA
unh,eff,2010,286,139,0.25,0.31,NA,45,61,1,1,2011,11,10,A,NA,eff139,NA
unh,eff,2010,287,139,0.82,0.91,NA,240,250,4,5,2011,11,5,B,NA,eff139,NA
unh,eff,2010,288,142,0.33,NA,NA,51,NA,1,NA,2011,8,7,A,NA,eff142,NA
unh,eff,2010,289,142,0.46,0.48,NA,93,99,1,2,2011,8,4,A,NA,eff142,NA
unh,eff,2010,348,143,0.35,0.36,NA,65,86,2,2,2011,7,6,A,NA,eff143,NA
unh,eff,2010,349,143,0.24,0.25,NA,47,58,2,2,2011,7,6,A,NA,eff143,NA
unh,eff,2010,290,144,1.65,1.71,1.82,326,367,4,4,2011,10,0,B,NA,eff144,NA
unh,eff,2010,291,144,0.42,NA,NA,69,NA,1,NA,2011,10,9,A,NA,eff144,NA
unh,eff,2010,292,144,0.75,0.72,NA,152,162,3,3,2011,10,4,B,NA,eff144,NA
unh,eff,2010,293,144,0.26,0.26,NA,37,48,1,1,2011,10,9,A,NA,eff144,NA
unh,eff,2010,295,159,0.6,0.59,NA,124,138,3,3,2011,12,8,B,NA,eff159,NA
unh,eff,2010,296,159,0.34,0.39,NA,64,82,1,1,2011,12,11,A,NA,eff159,NA
unh,eff,2010,297,159,0.56,0.67,NA,101,133,1,1,2011,12,11,B,NA,eff159,NA
unh,eff,2010,294,160,3.35,2.95,3.67,380,400,1,1,2011,4,0,C,NA,eff160,NA
unh,eff,2010,298,169,0.25,0.33,NA,34,50,1,1,2011,10,9,A,NA,eff169,NA
unh,eff,2010,299,169,0.41,0.42,NA,62,88,3,3,2011,10,9,A,NA,eff169,NA
unh,eff,2010,301,169,0.58,0.73,NA,105,119,1,1,2011,10,6,B,NA,eff169,NA
unh,eff,2010,302,169,1.32,1.55,NA,223,260,5,5,2011,10,0,B,NA,eff169,NA
unh,eff,2010,303,172,0.85,1.1,NA,155,184,1,1,2011,6,5,B,NA,eff172,NA
unh,eff,2010,304,172,0.37,0.32,NA,71,76,2,2,2011,6,5,A,NA,eff172,NA
unh,eff,2010,305,175,0.42,0.45,NA,70,83,1,1,2011,5,4,A,NA,eff175,NA
unh,eff,2010,306,175,1.14,1.39,NA,193,213,1,1,2011,5,2,B,NA,eff175,NA
unh,eff,2010,307,175,2.55,2.58,2.7,395,401,1,1,2011,5,0,C,NA,eff175,NA
unh,eff,2010,308,176,1.17,1.23,NA,193,225,2,2,2011,8,4,B,NA,eff176,NA
unh,eff,2010,309,176,0.48,0.51,NA,90,100,2,2,2011,8,7,A,NA,eff176,NA
unh,eff,2010,310,178,0.33,0.34,NA,59,70,1,1,2011,6,5,A,NA,eff178,NA
unh,eff,2010,311,182,0.75,0.77,NA,142,155,1,1,2011,16,1,B,NA,eff182,NA
unh,eff,2010,312,182,0.54,0.59,NA,116,130,1,1,2011,16,1,B,NA,eff182,NA
unh,eff,2010,313,182,0.32,0.32,NA,25,31,1,1,2011,16,15,A,NA,eff182,NA
unh,eff,2010,314,182,0.25,0.28,NA,31,37,1,1,2011,16,15,A,NA,eff182,NA
unh,eff,2010,318,187,0.46,0.51,NA,76,106,1,1,2011,12,11,A,NA,eff187,NA
unh,eff,2010,315,188,1.29,1.46,NA,212,243,3,4,2011,6,0,B,NA,eff188,NA
unh,eff,2010,316,188,1.12,1.25,NA,193,218,1,1,2011,6,4,B,NA,eff188,NA
unh,eff,2010,317,188,0.25,0.23,NA,41,48,3,4,2011,6,5,A,NA,eff188,NA
unh,eff,2010,335,19,0.36,0.39,NA,68,80,1,1,2011,11,10,A,NA,eff19,NA
unh,eff,2010,336,19,1.21,1.67,NA,169,216,1,1,2011,11,0,B,NA,eff19,NA
unh,eff,2010,337,19,0.86,0.85,NA,99,153,1,1,2011,11,10,B,NA,eff19,NA
unh,eff,2010,319,191,0.48,0.51,NA,89,101,1,1,2011,4,3,A,NA,eff191,NA
unh,eff,2010,320,191,0.23,0.2,NA,33,42,1,1,2011,4,3,A,NA,eff191,NA
unh,eff,2010,321,193,1.24,1.3,NA,225,238,1,1,2011,12,2,B,NA,eff193,NA
unh,eff,2010,322,193,1.51,1.7,NA,270,295,2,2,2011,12,2,B,NA,eff193,NA
unh,eff,2010,323,193,0.36,0.34,NA,60,57,1,1,2011,12,11,A,NA,eff193,NA
unh,eff,2010,324,198,0.22,NA,NA,32,NA,1,NA,2011,26,25,A,NA,eff198,NA
unh,eff,2010,325,198,0.62,0.72,NA,115,145,1,1,2011,26,10,B,NA,eff198,NA
unh,eff,2010,326,198,0.83,0.84,NA,160,176,3,1,2011,26,10,B,NA,eff198,NA
unh,eff,2010,350,199,0.21,0.18,NA,31,42,2,4,2011,12,11,A,NA,eff199,NA
unh,eff,2010,351,199,0.27,0.35,NA,43,52,1,1,2011,12,11,A,NA,eff199,NA
unh,eff,2010,327,201,0.55,0.6,NA,96,118,3,2,2011,17,16,B,NA,eff201,NA
unh,eff,2010,328,201,0.96,1.19,NA,172,197,3,2,2011,17,9,B,NA,eff201,NA
unh,eff,2010,329,201,1.24,1.41,NA,192,212,5,4,2011,17,0,B,NA,eff201,NA
unh,eff,2010,330,213,0.49,0.58,NA,83,91,2,2,2011,18,17,A,NA,eff213,NA
unh,eff,2010,331,213,1.08,1.33,NA,175,219,1,1,2011,18,7,B,NA,eff213,NA
unh,eff,2010,332,215,1.14,1.15,NA,230,242,2,2,2011,8,0,B,NA,eff215,NA
unh,eff,2010,333,215,0.83,0.94,NA,157,167,1,1,2011,8,3,B,NA,eff215,NA
unh,eff,2010,334,215,0.43,0.51,NA,60,84,1,1,2011,8,7,A,NA,eff215,NA
unh,eff,2010,206,25,2.08,2.02,NA,401,401,8,7,2011,2,0,C,NA,eff25,NA
unh,eff,2010,203,27,0.78,0.79,NA,118,129,1,1,2011,5,1,B,NA,eff27,NA
unh,eff,2010,204,27,0.21,0.24,NA,27,29,1,1,2011,5,4,A,NA,eff27,NA
unh,eff,2010,205,27,0.19,0.18,NA,25,20,1,1,2011,5,4,A,NA,eff27,NA
unh,eff,2010,207,31,0.47,0.63,NA,63,92,2,2,2011,2,1,A,NA,eff31,NA
unh,eff,2010,208,31,0.55,0.71,NA,91,108,1,1,2011,2,1,B,NA,eff31,NA
unh,eff,2010,209,34,0.34,0.46,NA,51,81,1,1,2011,8,7,A,NA,eff34,NA
unh,eff,2010,210,34,0.57,0.7,NA,104,134,1,1,2011,8,1,B,NA,eff34,NA
unh,eff,2010,211,34,0.48,0.57,NA,91,119,1,1,2011,8,7,A,NA,eff34,NA
unh,eff,2010,214,34,0.75,0.83,NA,120,172,1,1,2011,8,1,B,NA,eff34,NA
unh,eff,2010,213,35,0.36,0.37,NA,41,64,1,1,2011,1,0,A,NA,eff35,NA
unh,eff,2010,338,44,0.45,0.47,NA,106,116,2,2,2011,5,3,A,NA,eff44,NA
unh,eff,2010,339,44,0.26,0.27,NA,55,54,1,1,2011,5,4,A,NA,eff44,NA
unh,eff,2010,212,49,2.48,2.55,NA,401,401,1,1,2011,7,0,C,NA,eff49,NA
unh,eff,2010,215,51,0.26,0.23,NA,44,55,1,1,2011,4,3,A,NA,eff51,NA
unh,eff,2010,216,51,0.51,0.52,NA,120,130,4,4,2011,4,1,B,NA,eff51,NA
unh,eff,2010,217,51,0.68,0.63,NA,139,153,4,3,2011,4,1,B,NA,eff51,NA
unh,eff,2010,218,51,0.41,0.39,NA,51,56,4,4,2011,4,3,A,NA,eff51,NA
unh,eff,2010,219,61,0.61,0.67,NA,119,132,1,1,2011,2,0,B,NA,eff61,NA
unh,eff,2010,220,61,0.26,0.35,NA,50,77,3,3,2011,2,1,A,NA,eff61,NA
unh,eff,2010,221,62,1.45,1.46,NA,255,280,2,2,2011,18,0,B,NA,eff62,NA
unh,eff,2010,222,62,1,1.04,NA,156,178,1,1,2011,18,6,B,NA,eff62,NA
unh,eff,2010,223,62,0.81,0.9,NA,144,165,3,3,2011,18,6,B,NA,eff62,NA
unh,eff,2010,224,62,0.38,0.45,NA,60,79,1,1,2011,18,17,A,NA,eff62,NA
unh,eff,2010,225,62,0.42,0.41,NA,67,88,1,1,2011,18,17,A,NA,eff62,NA
unh,eff,2010,226,63,1.02,1.22,NA,167,195,1,1,2011,12,2,B,NA,eff63,NA
unh,eff,2010,227,63,0.74,0.82,NA,143,164,1,2,2011,12,2,B,NA,eff63,NA
unh,eff,2010,228,63,0.45,0.5,NA,76,103,1,1,2011,12,11,A,NA,eff63,NA
unh,eff,2010,229,66,0.83,0.75,NA,148,164,1,3,2011,7,4,B,NA,eff66,NA
unh,eff,2010,230,66,0.59,0.67,NA,100,151,1,1,2011,7,6,B,NA,eff66,NA
unh,eff,2010,231,66,1.27,1.45,NA,227,251,1,1,2011,7,-1,B,NA,eff66,NA
unh,eff,2010,232,76,0.94,0.98,NA,161,179,1,1,2011,12,0,B,NA,eff76,NA
unh,eff,2010,233,76,0.28,0.32,NA,43,57,1,1,2011,12,11,A,NA,eff76,NA
unh,eff,2010,234,76,0.48,0.65,NA,76,102,1,1,2011,12,11,A,NA,eff76,NA
unh,eff,2010,235,77,0.77,0.94,NA,139,160,1,1,2011,30,8,B,NA,eff77,NA
unh,eff,2010,236,77,0.84,0.96,NA,170,194,2,2,2011,30,8,B,NA,eff77,NA
unh,eff,2010,237,77,0.39,0.36,NA,65,78,1,2,2011,30,29,A,NA,eff77,NA
unh,eff,2010,238,77,0.42,0.55,NA,63,92,1,1,2011,30,29,A,NA,eff77,NA
unh,eff,2010,239,82,0.27,0.31,NA,41,56,1,1,2011,11,10,A,NA,eff82,NA
unh,eff,2010,240,82,0.68,0.73,NA,157,168,3,2,2011,11,1,B,NA,eff82,NA
unh,eff,2010,241,82,0.32,0.32,NA,45,66,1,1,2011,11,10,A,NA,eff82,NA
unh,eff,2010,242,84,3.98,3.89,4.32,401,501,1,1,2011,14,0,D,NA,eff84,NA
unh,eff,2010,243,84,0.75,0.9,NA,186,200,2,2,2011,14,3,B,NA,eff84,NA
unh,eff,2010,244,84,0.3,0.31,NA,50,60,1,1,2011,14,13,A,NA,eff84,NA
unh,eff,2010,245,84,1.25,1.29,NA,252,292,1,1,2011,14,0,B,NA,eff84,NA
unh,eff,2010,246,85,0.7,0.71,NA,84,86,5,5,2011,1,-1,B,NA,eff85,NA
unh,eff,2010,340,88,3.42,3.7,3.81,401,501,2,2,2011,8,1,C,NA,eff88,NA
unh,eff,2010,341,88,0.36,NA,NA,57,NA,2,NA,2011,8,7,A,1,eff88,NA
unh,eff,2010,342,88,0.38,0.37,NA,69,66,1,2,2011,8,7,A,NA,eff88,NA
unh,eff,2010,247,92,0.46,NA,NA,50,NA,2,NA,2011,23,22,A,NA,eff92,NA
unh,eff,2010,248,92,0.93,1.01,NA,189,209,5,5,2011,23,5,B,NA,eff92,NA
unh,eff,2010,250,93,0.94,0.93,NA,150,179,2,2,2011,24,12,B,NA,eff93,NA
unh,eff,2010,251,93,1.51,1.56,NA,260,288,5,5,2011,24,-1,B,NA,eff93,NA
unh,eff,2010,252,93,0.33,0.34,NA,50,60,4,4,2011,24,23,A,NA,eff93,NA
unh,eff,2010,253,95,1.21,1.41,NA,199,228,2,1,2011,26,1,B,NA,eff95,NA
unh,eff,2010,254,95,0.94,1.15,NA,181,232,1,1,2011,26,11,B,NA,eff95,NA
unh,eff,2010,255,95,0.34,0.42,NA,55,83,1,1,2011,26,25,A,NA,eff95,NA
unh,eff,2010,256,95,0.4,0.38,NA,48,62,1,1,2011,26,25,A,NA,eff95,NA
unh,eff,2010,343,99,0.45,0.42,NA,67,34,1,1,2011,15,14,A,NA,eff99,NA
unh,eff,2010,344,99,0.35,0.37,NA,60,78,2,2,2011,15,14,A,NA,eff99,NA
unh,eff,2010,345,99,2.35,2.33,NA,401,401,3,3,2011,15,0,C,NA,eff99,NA
unh,tofa,2011,444,1,6.19,6.15,6.55,401,501,6,6,2011,1,0,D,NA,tofa1,4
unh,tofa,2011,466,10,1.72,2.14,NA,280,336,1,1,2011,9,0,B,NA,tofa10,NA
unh,tofa,2011,467,10,0.43,0.49,NA,84,89,1,1,2011,9,8,A,NA,tofa10,NA
unh,tofa,2011,468,10,0.22,0.24,NA,35,40,1,1,2011,9,8,A,NA,tofa10,NA
unh,tofa,2011,469,10,0.46,0.54,NA,66,96,1,1,2011,9,8,A,NA,tofa10,NA
unh,tofa,2011,470,10,0.25,0.25,NA,43,50,1,2,2011,9,8,A,NA,tofa10,NA
unh,tofa,2011,471,10,0.28,0.32,NA,40,45,1,1,2011,9,8,A,NA,tofa10,NA
unh,tofa,2011,472,10,0.27,0.3,NA,44,44,1,1,2011,9,8,A,NA,tofa10,NA
unh,tofa,2011,473,10,0.32,0.32,NA,60,70,1,1,2011,9,8,A,NA,tofa10,NA
unh,tofa,2011,474,10,0.32,0.32,NA,45,56,1,1,2011,9,8,A,NA,tofa10,NA
unh,tofa,2011,475,11,4.38,3.9,4.25,390,401,2,2,2011,3,0,D,NA,tofa11,NA
unh,tofa,2011,476,11,2.74,3.35,NA,312,395,2,2,2011,3,1,C,NA,tofa11,NA
unh,tofa,2011,477,11,0.94,1.56,NA,167,247,2,2,2011,3,2,B,NA,tofa11,NA
unh,tofa,2011,478,12,0.87,1.11,NA,147,154,1,1,2011,4,3,B,NA,tofa12,NA
unh,tofa,2011,479,12,0.92,1.61,NA,168,241,1,1,2011,4,3,B,NA,tofa12,NA
unh,tofa,2011,481,12,0.66,0.85,NA,129,141,1,1,2011,4,3,B,NA,tofa12,NA
unh,tofa,2011,482,12,0.77,1.11,NA,140,145,1,1,2011,4,3,B,NA,tofa12,NA
unh,tofa,2011,483,13,0.5,0.65,NA,70,96,3,2,2011,1,0,B,NA,tofa13,NA
unh,tofa,2011,484,14,2.33,2.58,NA,292,333,1,1,2011,5,0,C,NA,tofa14,NA
unh,tofa,2011,485,14,0.93,0.9,NA,126,132,2,2,2011,5,2,B,NA,tofa14,NA
unh,tofa,2011,486,14,NA,0.23,NA,NA,30,NA,1,2011,5,0,NA,NA,tofa14,NA
unh,tofa,2011,487,14,0.48,0.45,NA,0.69,73,1,1,2011,5,4,A,NA,tofa14,NA
unh,tofa,2011,488,14,0.27,NA,NA,42,NA,2,NA,2011,5,4,A,NA,tofa14,NA
unh,tofa,2011,489,14,1.15,0.84,NA,90,121,1,2,2011,5,2,B,NA,tofa14,NA
unh,tofa,2011,490,15,0.82,1.34,NA,149,238,1,1,2011,2,1,B,NA,tofa15,NA
unh,tofa,2011,491,15,0.81,1.48,NA,159,245,1,1,2011,2,1,B,NA,tofa15,NA
unh,tofa,2011,492,16,0.38,0.5,NA,31,37,2,2,2011,5,4,A,NA,tofa16,NA
unh,tofa,2011,493,16,0.36,0.48,NA,36,60,3,3,2011,5,4,A,NA,tofa16,NA
unh,tofa,2011,494,16,0.09,0.1,NA,5,10,1,1,2011,5,4,A,NA,tofa16,NA
unh,tofa,2011,495,16,0.06,0.07,NA,5,7,1,1,2011,5,4,A,NA,tofa16,NA
unh,tofa,2011,496,16,0.14,0.19,NA,11,16,1,1,2011,5,4,A,NA,tofa16,NA
unh,tofa,2011,1301,16,NA,0.1,NA,NA,9,NA,1,2011,5,0,NA,NA,tofa16,NA
unh,tofa,2011,1302,16,NA,0.09,NA,NA,6,NA,1,2011,5,0,NA,NA,tofa16,NA
unh,tofa,2011,497,17,0.38,0.43,NA,39,65,1,1,2011,2,1,A,NA,tofa17,NA
unh,tofa,2011,498,17,0.28,0.42,NA,28,58,3,3,2011,2,1,A,NA,tofa17,NA
unh,tofa,2011,1011,18,0.22,NA,NA,36,NA,1,NA,2011,3,2,A,NA,tofa18,NA
unh,tofa,2011,1012,18,0.78,0.93,NA,103,141,2,2,2011,3,1,B,NA,tofa18,NA
unh,tofa,2011,1013,18,0.95,1.5,NA,121,178,1,1,2011,3,1,B,NA,tofa18,NA
unh,tofa,2011,1014,19,0.3,0.38,NA,32,33,1,1,2011,18,17,A,NA,tofa19,NA
unh,tofa,2011,1015,19,0.26,0.39,NA,32,41,1,1,2011,18,17,A,NA,tofa19,NA
unh,tofa,2011,1016,19,0.16,0.12,NA,14,19,1,1,2011,18,17,A,NA,tofa19,NA
unh,tofa,2011,1017,19,0.26,0.34,NA,32,51,4,4,2011,18,17,A,NA,tofa19,NA
unh,tofa,2011,1018,19,0.34,0.38,NA,33,49,1,1,2011,18,17,A,NA,tofa19,NA
unh,tofa,2011,1019,19,0.37,0.48,NA,57,79,1,1,2011,18,17,A,NA,tofa19,NA
unh,tofa,2011,1020,19,0.37,0.36,NA,37,42,1,1,2011,18,17,A,NA,tofa19,NA
unh,tofa,2011,1021,19,0.29,0.34,NA,37,57,1,1,2011,18,17,A,NA,tofa19,NA
unh,tofa,2011,1022,19,0.17,0.16,NA,15,22,1,1,2011,18,17,A,NA,tofa19,NA
unh,tofa,2011,1023,19,0.49,0.51,NA,63,72,1,1,2011,18,17,A,NA,tofa19,NA
unh,tofa,2011,1024,19,0.19,0.24,NA,24,30,1,1,2011,18,17,A,NA,tofa19,NA
unh,tofa,2011,1025,19,0.33,0.46,NA,42,48,1,1,2011,18,17,A,NA,tofa19,NA
unh,tofa,2011,1026,19,0.65,0.69,NA,94,97,1,1,2011,18,1,B,NA,tofa19,NA
unh,tofa,2011,1027,19,1.64,1.95,NA,283,312,2,1,2011,18,1,B,NA,tofa19,NA
unh,tofa,2011,S1,19,0.18,0.21,NA,21,25,1,1,2011,18,17,A,NA,tofa19,NA
unh,tofa,2011,S2,19,0.15,0.15,NA,15,16,1,1,2011,18,17,A,NA,tofa19,NA
unh,tofa,2011,S3,19,0.15,0.21,NA,17,21,1,1,2011,18,17,A,NA,tofa19,NA
unh,tofa,2011,S4,19,0.16,0.17,NA,19,19,1,1,2011,18,17,A,NA,tofa19,NA
unh,tofa,2011,499,2,0.33,0.55,NA,43,57,3,1,2011,12,11,A,NA,tofa2,4
unh,tofa,2011,500,2,1.05,1.01,NA,192,200,4,5,2011,12,5,B,NA,tofa2,4
unh,tofa,2011,1001,2,0.86,0.9,NA,140,168,4,5,2011,12,5,B,NA,tofa2,4
unh,tofa,2011,1002,2,0.4,NA,NA,39,NA,1,NA,2011,12,11,A,NA,tofa2,4
unh,tofa,2011,1003,2,0.72,0.71,NA,102,108,2,2,2011,12,5,B,NA,tofa2,4
unh,tofa,2011,1004,2,0.22,0.22,NA,26,29,1,1,2011,12,11,A,NA,tofa2,4
unh,tofa,2011,1005,2,0.16,0.13,NA,19,22,1,1,2011,12,11,A,NA,tofa2,4
unh,tofa,2011,1006,2,0.57,0.62,NA,98,105,1,3,2011,12,5,B,NA,tofa2,4
unh,tofa,2011,1007,2,0.51,0.49,NA,92,42,1,1,2011,12,5,B,NA,tofa2,4
unh,tofa,2011,1008,2,0.57,0.64,NA,93,101,1,1,2011,12,5,B,NA,tofa2,4
unh,tofa,2011,1009,2,0.33,0.31,NA,52,69,1,1,2011,12,11,A,NA,tofa2,4
unh,tofa,2011,1010,2,0.34,0.32,NA,55,60,2,1,2011,12,11,A,NA,tofa2,4
unh,tofa,2011,1028,20,0.39,0.69,NA,60,104,3,4,2011,1,0,A,NA,tofa20,NA
unh,tofa,2011,448,3,2.85,3.15,3.6,295,375,2,2,2011,2,0,C,NA,tofa3,4
unh,tofa,2011,449,3,0.55,0.84,NA,109,129,3,3,2011,2,1,B,NA,tofa3,4
unh,tofa,2011,434,4,0.6,0.58,NA,104,110,5,5,2011,3,1,B,NA,tofa4,4
unh,tofa,2011,435,4,0.45,0.66,NA,77,99,2,2,2011,3,2,A,NA,tofa4,4
unh,tofa,2012,1305,4,NA,0.6,NA,NA,79,NA,1,2011,3,0,NA,NA,tofa4,4
unh,tofa,2011,436,4,0.56,0.89,NA,93,161,2,2,2011,3,1,B,NA,tofa4,4
unh,tofa,2011,437,5,1,1.1,NA,110,160,4,4,2011,5,3,B,NA,tofa5,4
unh,tofa,2011,438,5,0.7,0.92,NA,72,119,1,2,2011,5,3,B,NA,tofa5,4
unh,tofa,2011,439,5,0.48,0.59,NA,56,89,1,1,2011,5,4,A,NA,tofa5,4
unh,tofa,2011,440,5,0.71,1.13,NA,83,175,1,1,2011,5,3,B,NA,tofa5,4
unh,tofa,2011,441,5,0.53,0.84,NA,76,105,1,1,2011,5,3,B,NA,tofa5,4
unh,tofa,2011,442,6,0.64,0.81,NA,92,114,1,1,2011,2,1,B,NA,tofa6,6
unh,tofa,2011,443,6,1.67,2,2.17,205,275,3,3,2011,2,1,B,NA,tofa6,6
unh,tofa,2011,445,7,0.22,0.53,NA,27,52,1,1,2011,3,2,A,NA,tofa7,4
unh,tofa,2011,446,7,0.5,0.53,NA,64,79,2,2,2011,3,0,B,NA,tofa7,4
unh,tofa,2011,447,7,0.21,0.23,NA,45,50,2,2,2011,3,2,A,NA,tofa7,4
unh,tofa,2011,450,8,0.91,1.25,NA,122,196,2,2,2011,3,1,B,NA,tofa8,4
unh,tofa,2011,451,8,0.22,0.29,NA,30,43,2,1,2011,3,2,A,NA,tofa8,4
unh,tofa,2011,452,8,0.77,1.28,NA,118,171,3,3,2011,3,1,B,NA,tofa8,4
unh,tofa,2011,453,9,0.76,0.68,NA,120,134,1,1,2011,13,7,B,NA,tofa9,4
unh,tofa,2011,454,9,2.26,2.73,NA,310,375,1,1,2011,13,0,C,NA,tofa9,4
unh,tofa,2011,455,9,0.24,0.3,NA,36,44,1,1,2011,13,12,A,NA,tofa9,4
unh,tofa,2011,456,9,0.23,0.26,NA,26,36,2,2,2011,13,12,A,NA,tofa9,4
unh,tofa,2011,457,9,0.27,0.35,NA,36,49,1,1,2011,13,12,A,NA,tofa9,4
unh,tofa,2011,458,9,1.07,1.35,NA,169,228,1,2,2011,13,7,B,NA,tofa9,4
unh,tofa,2011,459,9,0.54,0.71,NA,80,112,1,1,2011,13,7,B,NA,tofa9,4
unh,tofa,2011,460,9,0.64,0.8,NA,80,126,2,2,2011,13,7,B,NA,tofa9,4
unh,tofa,2011,461,9,0.93,1.31,NA,122,153,1,1,2011,13,7,B,NA,tofa9,4
unh,tofa,2011,462,9,0.3,0.36,NA,41,61,1,2,2011,13,12,A,NA,tofa9,4
unh,tofa,2011,463,9,0.36,0.36,NA,33,48,2,2,2011,13,12,A,NA,tofa9,4
unh,tofa,2011,464,9,0.85,1.15,NA,129,196,2,2,2011,13,7,B,NA,tofa9,4
unh,tofa,2011,465,9,0.74,1.06,NA,95,131,1,1,2011,13,7,B,NA,tofa9,4
unh,wff,2011,1074,1,0.47,0.63,NA,63,64,3,3,2011,14,13,A,NA,wff1,1
unh,wff,2011,1075,1,0.32,0.32,NA,45,57,5,5,2011,14,13,A,NA,wff1,1
unh,wff,2011,1076,1,0.52,0.59,NA,79,88,5,7,2011,14,7,B,NA,wff1,1
unh,wff,2011,1077,1,0.51,0.5,NA,78,80,3,3,2011,14,7,B,NA,wff1,1
unh,wff,2011,1078,1,0.58,0.68,NA,63,113,2,1,2011,14,7,B,NA,wff1,1
unh,wff,2011,1079,1,0.78,0.79,NA,64,97,2,3,2011,14,7,B,NA,wff1,1
unh,wff,2011,1080,1,0.9,1,NA,86,111,1,1,2011,14,7,B,NA,wff1,1
unh,wff,2011,1082,1,0.6,0.53,NA,84,82,4,4,2011,14,7,B,NA,wff1,1
unh,wff,2011,1083,1,0.65,0.87,NA,109,162,3,3,2011,14,7,B,NA,wff1,1
unh,wff,2011,1084,1,0.84,0.99,NA,116,137,2,1,2011,14,7,B,NA,wff1,1
unh,wff,2011,1085,1,0.45,0.57,NA,52,61,1,1,2011,14,13,A,NA,wff1,1
unh,wff,2011,1086,1,0.17,0.17,NA,15,16,1,1,2011,14,13,A,NA,wff1,1
unh,wff,2011,1087,1,0.18,0.31,NA,22,41,1,3,2011,14,13,A,NA,wff1,1
unh,wff,2011,P1-W-3,1,0.16,NA,NA,19,NA,1,NA,2011,14,13,A,1,wff1,1
unh,wff,2011,P1-W-2,1,NA,0.21,NA,NA,13,NA,1,2011,14,0,NA,NA,wff1,1
unh,wff,2011,P1-W-4,1,NA,0.09,NA,NA,8,NA,1,2011,14,0,NA,NA,wff1,1
unh,wff,2011,1198,10,1.89,2.19,NA,401,401,1,1,2011,25,24,B,NA,wff10,4
unh,wff,2011,1199,10,2.75,2.73,NA,451,451,2,2,2011,25,11,C,NA,wff10,4
unh,wff,2011,1200,10,1.87,1.68,1.88,387,354,1,3,2011,25,24,B,NA,wff10,4
unh,wff,2011,1201,10,2.9,2.62,2.83,451,451,2,4,2011,25,11,C,NA,wff10,4
unh,wff,2011,1202,10,2.65,2.65,2.9,451,451,2,2,2011,25,11,C,NA,wff10,4
unh,wff,2011,1203,10,2.05,2.05,NA,401,401,1,1,2011,25,11,C,NA,wff10,4
unh,wff,2011,1204,10,2.5,2.65,NA,401,401,2,2,2011,25,11,C,NA,wff10,4
unh,wff,2011,1205,10,1.12,NA,NA,302,NA,2,NA,2011,25,24,B,NA,wff10,4
unh,wff,2011,1206,10,1.4,1.45,NA,360,378,4,3,2011,25,24,B,NA,wff10,4
unh,wff,2011,1207,10,2.48,2.35,2.58,401,401,2,2,2011,25,11,C,NA,wff10,4
unh,wff,2011,1208,10,2.49,2.59,2.9,401,401,1,1,2011,25,11,C,NA,wff10,4
unh,wff,2011,1209,10,1.47,1.53,1.6,350,337,2,2,2011,25,24,B,NA,wff10,4
unh,wff,2011,1210,10,1.58,1.71,NA,330,344,1,2,2011,25,24,B,NA,wff10,4
unh,wff,2011,1211,10,1.35,1.5,NA,350,350,1,2,2011,25,24,B,NA,wff10,4
unh,wff,2011,1212,10,1.35,1.35,NA,370,360,1,2,2011,25,24,B,NA,wff10,4
unh,wff,2011,1213,10,1.6,1.55,1.75,398,385,2,2,2011,25,24,B,NA,wff10,4
unh,wff,2011,1214,10,2.17,2.21,NA,401,401,3,3,2011,25,11,C,NA,wff10,4
unh,wff,2011,1215,10,0.75,0.77,NA,140,82,4,3,2011,25,24,B,NA,wff10,4
unh,wff,2011,1216,10,0.65,0.62,NA,144,146,1,1,2011,25,24,B,NA,wff10,4
unh,wff,2011,1217,10,2.4,2.45,NA,401,401,2,2,2011,25,11,C,NA,wff10,4
unh,wff,2011,1218,10,1.26,1.13,NA,325,320,2,2,2011,25,24,B,NA,wff10,4
unh,wff,2011,1219,10,2.02,1.9,2,401,401,1,1,2011,25,11,C,NA,wff10,4
unh,wff,2011,1220,10,1.9,1.93,NA,401,401,1,1,2011,25,24,B,NA,wff10,4
unh,wff,2011,1221,10,2.67,2.72,2.93,401,401,4,3,2011,25,11,C,NA,wff10,4
unh,wff,2011,1222,10,2.71,2.51,2.71,451,401,1,1,2011,25,11,C,NA,wff10,4
unh,wff,2011,P10-W-5,10,NA,0.14,NA,NA,21,NA,1,2011,25,0,NA,NA,wff10,4
unh,wff,2011,1089,11,0.6,0.66,NA,132,146,3,3,2011,9,6,B,NA,wff11,1
unh,wff,2011,1090,11,0.97,1.1,NA,144,159,2,2,2011,9,6,B,NA,wff11,1
unh,wff,2011,1091,11,0.55,0.56,NA,85,92,4,3,2011,9,6,B,NA,wff11,1
unh,wff,2011,1092,11,0.34,0.32,NA,74,85,1,1,2011,9,8,A,NA,wff11,1
unh,wff,2011,1093,11,0.42,0.44,NA,67,82,1,2,2011,9,8,A,NA,wff11,1
unh,wff,2011,1094,11,0.51,0.49,NA,107,119,1,3,2011,9,6,B,NA,wff11,1
unh,wff,2011,1095,11,0.72,0.8,NA,154,186,1,2,2011,9,6,B,NA,wff11,1
unh,wff,2011,1096,11,0.51,0.57,NA,107,109,1,1,2011,9,6,B,NA,wff11,1
unh,wff,2011,1097,11,1,1.13,NA,160,174,2,1,2011,9,6,B,NA,wff11,1
unh,wff,2011,P11-W-1,11,NA,0.9,NA,NA,9,NA,1,2011,9,0,NA,NA,wff11,1
unh,wff,2011,1116,12,2.96,2.5,3.11,401,401,2,6,2011,6,3,C,NA,wff12,1
unh,wff,2011,1117,12,2.15,2.2,NA,370,370,2,2,2011,6,3,C,NA,wff12,1
unh,wff,2011,1118,12,2.65,2.62,NA,401,401,1,1,2011,6,3,C,NA,wff12,1
unh,wff,2011,1119,12,1.89,1.89,NA,370,366,1,1,2011,6,5,B,NA,wff12,1
unh,wff,2011,1120,12,1.13,1.14,NA,320,309,2,2,2011,6,5,B,NA,wff12,1
unh,wff,2011,1122,12,3.21,3.36,NA,400,401,5,4,2011,6,3,C,NA,wff12,1
unh,wff,2011,1038,13,0.56,0.51,NA,72,88,3,5,2011,11,6,B,NA,wff13,1
unh,wff,2011,1039,13,0.61,0.74,NA,95,133,1,1,2011,11,6,B,NA,wff13,1
unh,wff,2011,1040,13,0.88,0.92,NA,144,158,6,6,2011,11,6,B,NA,wff13,1
unh,wff,2011,1041,13,0.67,0.83,NA,132,137,1,1,2011,11,6,B,NA,wff13,1
unh,wff,2011,1042,13,0.94,1.17,NA,176,189,1,1,2011,11,6,B,NA,wff13,1
unh,wff,2011,1043,13,1.11,1.22,NA,165,199,9,8,2011,11,6,B,NA,wff13,1
unh,wff,2011,1044,13,0.71,0.79,NA,120,139,1,1,2011,11,6,B,NA,wff13,1
unh,wff,2011,1045,13,0.11,0.14,NA,14,19,1,1,2011,11,10,A,NA,wff13,1
unh,wff,2011,1046,13,0.19,0.19,NA,16,19,1,1,2011,11,10,A,NA,wff13,1
unh,wff,2011,1047,13,0.13,0.19,NA,12,20,1,1,2011,11,10,A,NA,wff13,1
unh,wff,2011,1048,13,0.12,0.15,NA,14,16,1,2,2011,11,10,A,NA,wff13,1
unh,wff,2011,1123,14,2.86,2.94,3.15,401,401,5,1,2011,16,8,C,NA,wff14,4
unh,wff,2011,1124,14,2.72,2.62,2.85,385,401,1,2,2011,16,8,C,NA,wff14,4
unh,wff,2011,1125,14,2.12,2.15,NA,300,307,2,2,2011,16,8,C,NA,wff14,4
unh,wff,2011,1126,14,1.9,2,NA,308,361,1,1,2011,16,14,B,NA,wff14,4
unh,wff,2011,1127,14,2.37,2.51,NA,401,401,1,1,2011,16,8,C,NA,wff14,4
unh,wff,2011,1128,14,1.96,2.06,NA,368,388,1,1,2011,16,14,B,NA,wff14,4
unh,wff,2011,1129,14,3.28,3.35,NA,401,401,1,1,2011,16,8,C,NA,wff14,4
unh,wff,2011,1130,14,2.05,2.1,2.18,380,401,1,1,2011,16,8,C,NA,wff14,4
unh,wff,2011,1131,14,1.82,1.64,1.78,320,312,3,3,2011,16,14,B,NA,wff14,4
unh,wff,2011,1132,14,2.48,2.6,NA,401,401,4,3,2011,16,8,C,NA,wff14,4
unh,wff,2011,1133,14,2.22,2.11,2.25,401,401,6,7,2011,16,8,C,NA,wff14,4
unh,wff,2011,1134,14,0.24,0.26,NA,34,45,1,1,2011,16,15,A,NA,wff14,4
unh,wff,2011,1135,14,1.33,1.21,1.41,330,326,3,3,2011,16,14,B,NA,wff14,4
unh,wff,2011,1136,14,1.42,1.65,NA,335,368,2,3,2011,16,14,B,NA,wff14,4
unh,wff,2011,1137,14,1.82,1.88,NA,360,365,1,1,2011,16,14,B,NA,wff14,4
unh,wff,2011,1138,14,2.36,2.44,NA,401,401,5,5,2011,16,8,C,NA,wff14,4
unh,wff,2011,P14-W-5,14,NA,0.14,NA,NA,23,NA,1,2011,16,0,NA,NA,wff14,4
unh,wff,2011,1054,15,3.47,3.38,3.74,451,451,1,1,2011,13,4,C,NA,wff15,3
unh,wff,2011,1055,15,1.6,1.6,NA,325,331,2,8,2011,13,9,B,NA,wff15,3
unh,wff,2011,1056,15,5.43,4.28,5.7,451,451,2,2,2011,13,0,D,NA,wff15,3
unh,wff,2011,1057,15,2.13,2,2.73,380,401,2,2,2011,13,4,C,NA,wff15,3
unh,wff,2011,1058,15,0.94,0.38,NA,110,46,1,3,2011,13,9,B,NA,wff15,3
unh,wff,2011,1059,15,1.76,1.73,NA,401,401,1,1,2011,13,9,B,NA,wff15,3
unh,wff,2011,1060,15,3.4,3.45,3.61,451,451,4,3,2011,13,4,C,NA,wff15,3
unh,wff,2011,1061,15,2.36,2.17,2.64,380,380,1,5,2011,13,4,C,NA,wff15,3
unh,wff,2011,1062,15,0.25,0.27,NA,40,50,1,1,2011,13,12,A,NA,wff15,3
unh,wff,2011,1063,15,0.68,0.61,NA,143,130,1,1,2011,13,9,B,NA,wff15,3
unh,wff,2011,1064,15,0.43,0.44,NA,90,70,2,1,2011,13,12,A,NA,wff15,3
unh,wff,2011,1065,15,0.5,0.52,NA,104,114,1,1,2011,13,9,B,NA,wff15,3
unh,wff,2011,P15-W-3,15,0.22,0.2,NA,24,29,1,1,2011,13,12,A,NA,wff15,3
unh,wff,2011,P15-W-5,15,NA,0.2,NA,NA,25,NA,1,2011,13,0,NA,NA,wff15,3
unh,wff,2010,352,2,1.32,1.25,NA,202,214,1,1,2011,6,5,B,NA,wff2,1
unh,wff,2010,353,2,2.31,2.2,2.3,392,395,1,1,2011,6,3,C,NA,wff2,1
unh,wff,2010,354,2,2.85,2.53,2.83,401,401,9,9,2011,6,3,C,NA,wff2,1
unh,wff,2010,355,2,1.43,1.56,NA,240,266,1,1,2011,6,5,B,NA,wff2,1
unh,wff,2010,356,2,3.75,3.75,NA,451,451,7,10,2011,6,0,D,NA,wff2,1
unh,wff,2010,357,2,3.43,3.45,NA,400,400,3,3,2011,6,3,C,NA,wff2,1
unh,wff,2010,358,2010-2,4.1,4.1,NA,401,401,2,3,2011,8,3,D,NA,wff2010-2,NA
unh,wff,2010,359,2010-2,4.11,3.63,4.25,401,401,1,1,2011,8,3,D,NA,wff2010-2,NA
unh,wff,2010,360,2010-2,3.85,3.9,NA,401,401,3,4,2011,8,3,D,NA,wff2010-2,NA
unh,wff,2010,361,2010-2,5.5,5.5,NA,401,401,2,2,2011,8,3,D,NA,wff2010-2,NA
unh,wff,2010,362,2010-2,1.27,1.22,NA,212,229,1,1,2011,8,6,B,NA,wff2010-2,NA
unh,wff,2010,363,2010-2,1.4,1.35,NA,267,285,1,1,2011,8,6,B,NA,wff2010-2,NA
unh,wff,2010,364,2010-2,0.49,0.55,NA,99,121,1,1,2011,8,7,A,NA,wff2010-2,NA
unh,wff,2010,365,2010-2,0.61,0.6,NA,115,125,1,1,2011,8,6,B,NA,wff2010-2,NA
unh,wff,2010,366,2010-3,0.42,0.45,NA,77,79,1,1,2011,7,6,A,NA,wff2010-3,NA
unh,wff,2010,367,2010-3,3.21,3.32,NA,401,401,1,1,2011,7,3,C,NA,wff2010-3,NA
unh,wff,2010,368,2010-3,1.7,1.75,NA,283,295,3,3,2011,7,5,B,NA,wff2010-3,NA
unh,wff,2010,369,2010-3,3.54,3.41,NA,385,388,5,6,2011,7,1,D,NA,wff2010-3,NA
unh,wff,2010,370,2010-3,2.15,2.15,NA,401,401,1,1,2011,7,3,C,NA,wff2010-3,NA
unh,wff,2010,371,2010-3,0.89,0.81,NA,187,180,1,1,2011,7,5,B,NA,wff2010-3,NA
unh,wff,2010,372,2010-3,3.8,3.31,3.6,401,401,7,7,2011,7,1,D,NA,wff2010-3,NA
unh,wff,2010,373,2010-4,1.6,1.66,NA,360,386,1,1,2011,8,7,B,NA,wff2010-4,NA
unh,wff,2010,374,2010-4,2.94,2.9,NA,401,401,3,3,2011,8,5,C,NA,wff2010-4,NA
unh,wff,2010,375,2010-4,2.87,2.78,2.94,401,401,1,1,2011,8,5,C,NA,wff2010-4,NA
unh,wff,2010,376,2010-4,2.62,2.72,NA,401,401,2,2,2011,8,5,C,NA,wff2010-4,NA
unh,wff,2010,377,2010-4,3.25,3.13,3.29,401,401,5,5,2011,8,5,C,NA,wff2010-4,NA
unh,wff,2010,378,2010-4,2.77,2.75,2.95,401,401,4,5,2011,8,5,C,NA,wff2010-4,NA
unh,wff,2010,379,2010-4,2.31,2.27,2.31,370,401,2,1,2011,8,5,C,NA,wff2010-4,NA
unh,wff,2010,380,2010-4,0.75,0.77,0.83,215,230,1,1,2011,8,7,B,NA,wff2010-4,NA
unh,wff,2010,381,2010-5,3.55,3.65,NA,401,401,4,2,2011,3,0,D,NA,wff2010-5,NA
unh,wff,2010,382,2010-5,2.64,2.84,3.07,401,401,1,1,2011,3,1,C,NA,wff2010-5,NA
unh,wff,2010,383,2010-5,1.6,1.61,NA,280,315,1,1,2011,3,2,B,NA,wff2010-5,NA
unh,wff,2011,1029,3,2.8,2.87,NA,401,401,1,1,2011,9,5,C,NA,wff3,3
unh,wff,2011,1030,3,3.78,3.66,3.82,401,401,2,2,2011,9,1,D,NA,wff3,3
unh,wff,2011,1031,3,4.24,4.24,NA,401,451,1,1,2011,9,1,D,NA,wff3,3
unh,wff,2011,1032,3,2.02,2.06,NA,297,316,2,2,2011,9,5,C,NA,wff3,3
unh,wff,2011,1033,3,3.13,3.35,NA,401,401,1,1,2011,9,5,C,NA,wff3,3
unh,wff,2011,1034,3,2.4,2.48,NA,378,389,1,1,2011,9,5,C,NA,wff3,3
unh,wff,2011,1035,3,0.64,0.66,NA,157,158,1,1,2011,9,6,B,NA,wff3,3
unh,wff,2011,1036,3,0.18,0.18,NA,17,27,1,1,2011,9,8,A,NA,wff3,3
unh,wff,2011,1037,3,0.12,0.15,NA,14,17,1,1,2011,9,8,A,NA,wff3,3
unh,wff,2011,1049,4,3.21,3.05,3.25,401,401,1,2,2011,5,4,C,NA,wff4,3
unh,wff,2011,1050,4,2.89,2.92,NA,401,451,1,1,2011,5,4,C,NA,wff4,3
unh,wff,2011,1051,4,5.1,4.95,NA,451,501,2,2,2011,5,0,D,NA,wff4,3
unh,wff,2011,1052,4,2.9,2.51,2.91,302,385,4,6,2011,5,4,C,NA,wff4,3
unh,wff,2011,1053,4,3.34,3.11,3.49,401,451,1,1,2011,5,4,C,NA,wff4,3
unh,wff,2011,1098,5,1.82,1.71,2.08,320,344,2,2,2011,17,15,B,NA,wff5,1
unh,wff,2011,1099,5,2.31,2.48,NA,385,380,1,1,2011,17,7,C,NA,wff5,1
unh,wff,2011,1100,5,1.67,1.72,NA,355,370,1,1,2011,17,15,B,NA,wff5,1
unh,wff,2011,1101,5,1.27,1.32,NA,278,291,2,1,2011,17,15,B,NA,wff5,1
unh,wff,2011,1102,5,1.34,1.55,NA,303,327,1,1,2011,17,15,B,NA,wff5,1
unh,wff,2011,1103,5,1.54,1.65,NA,323,356,1,1,2011,17,15,B,NA,wff5,1
unh,wff,2011,1104,5,1.28,1.41,NA,301,343,2,2,2011,17,15,B,NA,wff5,1
unh,wff,2011,1105,5,2.06,2.28,NA,400,401,3,3,2011,17,7,C,NA,wff5,1
unh,wff,2011,1106,5,2.38,2.21,2.64,401,451,5,5,2011,17,7,C,NA,wff5,1
unh,wff,2011,1107,5,2.8,2.95,NA,401,401,4,4,2011,17,7,C,NA,wff5,1
unh,wff,2011,1108,5,1.94,1.84,2,370,393,2,2,2011,17,15,B,NA,wff5,1
unh,wff,2011,1109,5,3.36,2.37,3.5,401,401,3,3,2011,17,7,C,NA,wff5,1
unh,wff,2011,1110,5,2.2,2.24,NA,380,398,1,1,2011,17,7,C,NA,wff5,1
unh,wff,2011,1111,5,2.31,2.35,2.62,401,401,1,1,2011,17,7,C,NA,wff5,1
unh,wff,2011,1112,5,2.06,2.15,2.3,401,401,1,1,2011,17,7,C,NA,wff5,1
unh,wff,2011,1113,5,0.49,0.5,NA,112,116,1,1,2011,17,16,A,NA,wff5,1
unh,wff,2011,1114,5,1.96,1.97,2.1,340,366,3,3,2011,17,15,B,NA,wff5,1
unh,wff,2011,1176,6,2.15,2.11,2.23,244,362,2,2,2011,21,8,C,NA,wff6,4
unh,wff,2011,1177,6,2.88,2.8,2.86,401,401,1,1,2011,21,8,C,NA,wff6,4
unh,wff,2011,1179,6,3.37,3.14,3.51,385,400,1,1,2011,21,8,C,NA,wff6,4
unh,wff,2011,1180,6,1.43,1.44,NA,343,361,1,1,2011,21,19,B,NA,wff6,4
unh,wff,2011,1181,6,2.78,2.53,2.85,401,401,2,2,2011,21,8,C,NA,wff6,4
unh,wff,2011,1182,6,2.02,2.06,NA,401,401,5,5,2011,21,8,C,NA,wff6,4
unh,wff,2011,1183,6,1.57,1.51,NA,385,369,1,1,2011,21,19,B,NA,wff6,4
unh,wff,2011,1184,6,2.43,2.43,2.51,401,401,4,5,2011,21,8,C,NA,wff6,4
unh,wff,2011,1185,6,1.38,1.51,NA,316,332,2,2,2011,21,19,B,NA,wff6,4
unh,wff,2011,1186,6,1.79,1.74,1.94,370,372,2,2,2011,21,19,B,NA,wff6,4
unh,wff,2011,1187,6,1.69,1.71,1.8,377,366,9,9,2011,21,19,B,NA,wff6,4
unh,wff,2011,1188,6,2.95,3.08,NA,401,401,2,2,2011,21,8,C,NA,wff6,4
unh,wff,2011,1189,6,2.09,1.77,2.26,345,354,1,1,2011,21,8,C,NA,wff6,4
unh,wff,2011,1190,6,1.88,1.93,NA,334,340,1,1,2011,21,19,B,NA,wff6,4
unh,wff,2011,1191,6,1.04,NA,NA,291,NA,4,NA,2011,21,19,B,NA,wff6,4
unh,wff,2011,1192,6,0.16,0.22,NA,33,36,1,1,2011,21,20,A,NA,wff6,4
unh,wff,2011,1193,6,1.11,1.1,NA,250,257,3,4,2011,21,19,B,NA,wff6,4
unh,wff,2011,1194,6,1.5,1.58,NA,334,329,3,2,2011,21,19,B,NA,wff6,4
unh,wff,2011,1195,6,1.79,1.98,NA,298,310,3,4,2011,21,19,B,NA,wff6,4
unh,wff,2011,1196,6,2.18,2.21,NA,400,401,5,3,2011,21,8,C,NA,wff6,4
unh,wff,2011,1197,6,1.4,1.41,NA,320,325,2,2,2011,21,19,B,NA,wff6,4
unh,wff,2011,P6-W-7,6,NA,0.15,NA,NA,28,NA,1,2011,21,0,NA,NA,wff6,4
unh,wff,2011,1066,7,0.84,0.82,NA,78,83,1,1,2011,8,3,B,NA,wff7,1
unh,wff,2011,1067,7,0.48,0.52,NA,41,45,2,4,2011,8,7,A,NA,wff7,1
unh,wff,2011,1068,7,0.68,0.61,NA,83,84,1,1,2011,8,3,B,NA,wff7,1
unh,wff,2011,1069,7,0.56,0.54,NA,81,88,1,1,2011,8,3,B,NA,wff7,1
unh,wff,2011,1070,7,0.27,0.3,NA,26,30,1,1,2011,8,7,A,NA,wff7,1
unh,wff,2011,1071,7,0.47,0.58,NA,64,77,1,1,2011,8,7,A,NA,wff7,1
unh,wff,2011,1072,7,0.22,0.21,NA,23,23,1,1,2011,8,7,A,NA,wff7,1
unh,wff,2011,1073,7,0.6,0.65,NA,90,105,3,4,2011,8,3,B,NA,wff7,1
unh,wff,2011,1088,8,1.44,1.5,NA,241,264,1,1,2011,1,0,B,NA,wff8,1
unh,wff,2011,1139,9,1.02,1.03,NA,119,120,3,3,2011,37,29,B,NA,wff9,4
unh,wff,2011,1140,9,1.05,0.99,NA,180,183,2,2,2011,37,29,B,NA,wff9,4
unh,wff,2011,1141,9,0.42,0.49,NA,66,80,1,3,2011,37,36,A,NA,wff9,4
unh,wff,2011,1142,9,0.44,0.45,NA,73,76,3,3,2011,37,36,A,NA,wff9,4
unh,wff,2011,1143,9,0.76,0.78,NA,135,137,2,2,2011,37,29,B,NA,wff9,4
unh,wff,2011,1144,9,0.51,0.51,NA,109,122,3,3,2011,37,29,B,NA,wff9,4
unh,wff,2011,1145,9,0.43,0.43,NA,60,64,3,3,2011,37,36,A,NA,wff9,4
unh,wff,2011,1146,9,1.14,1.12,NA,187,198,2,2,2011,37,29,B,NA,wff9,4
unh,wff,2011,1147,9,1.14,1.25,NA,229,252,3,3,2011,37,29,B,NA,wff9,4
unh,wff,2011,1148,9,0.85,0.81,NA,156,164,1,1,2011,37,29,B,NA,wff9,4
unh,wff,2011,1149,9,0.36,0.37,NA,65,73,1,1,2011,37,36,A,NA,wff9,4
unh,wff,2011,1150,9,0.57,0.63,NA,118,128,3,2,2011,37,29,B,NA,wff9,4
unh,wff,2011,1151,9,0.57,0.76,NA,106,141,2,2,2011,37,29,B,NA,wff9,4
unh,wff,2011,1152,9,0.78,0.89,NA,168,180,2,3,2011,37,29,B,NA,wff9,4
unh,wff,2011,1153,9,0.87,0.91,NA,166,179,1,2,2011,37,29,B,NA,wff9,4
unh,wff,2011,1154,9,0.5,0.56,NA,113,121,2,2,2011,37,29,B,NA,wff9,4
unh,wff,2011,1155,9,1.49,1.49,NA,240,241,8,13,2011,37,29,B,NA,wff9,4
unh,wff,2011,1156,9,0.83,0.88,NA,139,141,5,7,2011,37,29,B,NA,wff9,4
unh,wff,2011,1157,9,0.94,0.91,NA,188,194,1,2,2011,37,29,B,NA,wff9,4
unh,wff,2011,1158,9,0.7,0.91,NA,135,175,7,8,2011,37,29,B,NA,wff9,4
unh,wff,2011,1159,9,0.78,0.72,NA,139,151,3,5,2011,37,29,B,NA,wff9,4
unh,wff,2011,1160,9,0.35,0.39,NA,52,73,2,2,2011,37,36,A,NA,wff9,4
unh,wff,2011,1161,9,1.42,1.46,NA,241,252,3,1,2011,37,29,B,NA,wff9,4
unh,wff,2011,1162,9,0.5,0.57,NA,94,108,1,1,2011,37,29,B,NA,wff9,4
unh,wff,2011,1163,9,0.54,0.62,NA,118,134,1,1,2011,37,29,B,NA,wff9,4
unh,wff,2011,1164,9,1.58,1.67,NA,256,266,1,1,2011,37,29,B,NA,wff9,4
unh,wff,2011,1165,9,1.06,1.05,NA,179,188,1,2,2011,37,29,B,NA,wff9,4
unh,wff,2011,1166,9,0.7,0.74,NA,148,168,2,2,2011,37,29,B,NA,wff9,4
unh,wff,2011,1167,9,0.77,0.78,NA,153,168,1,1,2011,37,29,B,NA,wff9,4
unh,wff,2011,1168,9,0.6,0.6,NA,104,117,1,1,2011,37,29,B,NA,wff9,4
unh,wff,2011,1169,9,0.62,0.63,NA,122,123,2,3,2011,37,29,B,NA,wff9,4
unh,wff,2011,1170,9,1.21,1.28,NA,203,215,3,3,2011,37,29,B,NA,wff9,4
unh,wff,2011,1171,9,1.25,1.22,NA,212,226,3,2,2011,37,29,B,NA,wff9,4
unh,wff,2011,1172,9,1,1.08,NA,164,174,3,4,2011,37,29,B,NA,wff9,4
unh,wff,2011,1173,9,0.49,0.66,NA,119,136,2,2,2011,37,36,A,NA,wff9,4
unh,wff,2011,1174,9,0.47,0.48,NA,87,101,2,2,2011,37,36,A,NA,wff9,4
unh,wff,2011,1175,9,0.57,0.65,NA,155,161,3,1,2011,37,29,B,NA,wff9,4
unh,wff,2011,P9-W-5,9,NA,0.31,NA,NA,46,NA,1,2011,37,0,NA,NA,wff9,4
long_island,caleb_smith,2011,2166,1,0.51,0.61,NA,62,63,4,3,2011,1,0,B,NA,caleb_smith1,NA
long_island,caleb_smith,2012,CS12-135,1,NA,0.17,NA,NA,12,NA,1,2011,1,0,NA,NA,caleb_smith1,NA
long_island,caleb_smith,2011,2067,10,1.24,1.12,1.23,252,209,10,12,2011,10,3,B,NA,caleb_smith10,NA
long_island,caleb_smith,2011,2068,10,0.99,1.07,NA,215,208,1,2,2011,10,3,B,NA,caleb_smith10,NA
long_island,caleb_smith,2011,2069,10,1.32,1.36,NA,237,137,1,2,2011,10,3,B,NA,caleb_smith10,NA
long_island,caleb_smith,2011,2070,10,0.4,0.43,NA,33,25,2,1,2011,10,9,A,NA,caleb_smith10,NA
long_island,caleb_smith,2011,2071,10,0.25,0.31,NA,40,34,1,1,2011,10,9,A,NA,caleb_smith10,NA
long_island,caleb_smith,2011,2072,10,0.33,0.62,NA,52,52,2,2,2011,10,9,A,NA,caleb_smith10,NA
long_island,caleb_smith,2011,2073,10,0.59,0.59,NA,109,109,2,2,2011,10,3,B,NA,caleb_smith10,NA
long_island,caleb_smith,2011,2074,10,0.32,0.37,NA,40,49,4,1,2011,10,9,A,NA,caleb_smith10,NA
long_island,caleb_smith,2011,2075,10,0.45,0.48,NA,78,92,5,4,2011,10,9,A,NA,caleb_smith10,NA
long_island,caleb_smith,2012,CS12-117,10,NA,0.13,NA,NA,10,NA,1,2011,10,0,NA,NA,caleb_smith10,NA
long_island,caleb_smith,2011,P10-1,10,NA,0.08,NA,NA,9,NA,1,2011,10,0,NA,NA,caleb_smith10,NA
long_island,caleb_smith,2011,P10-3,10,0.12,0.15,NA,8,12,1,1,2011,10,9,A,NA,caleb_smith10,NA
long_island,caleb_smith,2011,P10-5,10,NA,0.11,NA,NA,10,NA,1,2011,10,0,NA,NA,caleb_smith10,NA
long_island,caleb_smith,2011,2115,11,0.69,0.67,NA,132,135,2,2,2011,10,2,B,NA,caleb_smith11,NA
long_island,caleb_smith,2011,2116,11,0.54,0.54,NA,91,88,1,2,2011,10,2,B,NA,caleb_smith11,NA
long_island,caleb_smith,2011,2117,11,0.38,0.38,NA,70,69,2,2,2011,10,9,A,NA,caleb_smith11,NA
long_island,caleb_smith,2011,2118,11,0.36,0.38,NA,32,34,1,1,2011,10,9,A,NA,caleb_smith11,NA
long_island,caleb_smith,2011,2119,11,0.47,0.45,NA,56,55,1,2,2011,10,9,A,NA,caleb_smith11,NA
long_island,caleb_smith,2011,2120,11,0.5,0.56,NA,85,32,2,3,2011,10,2,B,NA,caleb_smith11,NA
long_island,caleb_smith,2011,2121,11,0.28,0.27,NA,32,35,1,1,2011,10,9,A,NA,caleb_smith11,NA
long_island,caleb_smith,2011,2122,11,0.28,0.24,NA,43,27,2,1,2011,10,9,A,NA,caleb_smith11,NA
long_island,caleb_smith,2011,2123,11,0.46,0.49,NA,70,74,1,1,2011,10,9,A,NA,caleb_smith11,NA
long_island,caleb_smith,2011,2124,11,0.26,0.25,NA,39,39,1,1,2011,10,9,A,NA,caleb_smith11,NA
long_island,caleb_smith,2011,2125,12,1.6,1.62,NA,254,62,2,1,2011,4,1,B,NA,caleb_smith12,NA
long_island,caleb_smith,2011,2126,12,1.72,1.72,NA,326,339,5,12,2011,4,1,B,NA,caleb_smith12,NA
long_island,caleb_smith,2011,CS-16,12,0.04,NA,NA,4,NA,1,NA,2011,4,3,A,NA,caleb_smith12,NA
long_island,caleb_smith,2011,CS-17,12,0.1,NA,NA,9,NA,1,NA,2011,4,3,A,NA,caleb_smith12,NA
long_island,caleb_smith,2011,2127,13,0.8,0.9,NA,185,188,1,1,2011,9,5,B,NA,caleb_smith13,NA
long_island,caleb_smith,2011,2128,13,0.5,0.55,NA,95,98,1,1,2011,9,5,B,NA,caleb_smith13,NA
long_island,caleb_smith,2011,2129,13,0.59,0.62,NA,114,112,1,1,2011,9,5,B,NA,caleb_smith13,NA
long_island,caleb_smith,2011,2130,13,0.4,0.4,NA,67,70,1,1,2011,9,8,A,NA,caleb_smith13,NA
long_island,caleb_smith,2011,2131,13,0.42,0.45,NA,90,88,1,3,2011,9,8,A,NA,caleb_smith13,NA
long_island,caleb_smith,2011,2132,13,1.49,1.48,NA,340,317,4,4,2011,9,5,B,NA,caleb_smith13,NA
long_island,caleb_smith,2011,2133,13,0.91,0.94,NA,340,257,3,3,2011,9,5,B,NA,caleb_smith13,NA
long_island,caleb_smith,2011,2134,13,1.84,1.88,NA,400,401,6,6,2011,9,5,B,NA,caleb_smith13,NA
long_island,caleb_smith,2011,2135,13,0.31,0.36,NA,39,48,1,1,2011,9,8,A,NA,caleb_smith13,NA
long_island,caleb_smith,2012,CS12-126,13,NA,0.07,NA,NA,8,NA,1,2011,9,0,NA,NA,caleb_smith13,NA
long_island,caleb_smith,2012,CS12-127,13,NA,0.09,NA,NA,13,NA,1,2011,9,0,NA,NA,caleb_smith13,NA
long_island,caleb_smith,2011,2136,14,2,2.21,NA,336,352,2,7,2011,5,0,C,NA,caleb_smith14,NA
long_island,caleb_smith,2011,2137,14,0.4,0.44,NA,67,65,1,1,2011,5,4,A,NA,caleb_smith14,NA
long_island,caleb_smith,2011,2138,14,0.5,0.51,NA,70,68,1,2,2011,5,3,B,NA,caleb_smith14,NA
long_island,caleb_smith,2011,2139,14,1.1,1.34,NA,252,255,1,1,2011,5,3,B,NA,caleb_smith14,NA
long_island,caleb_smith,2011,2140,14,1.48,1.48,NA,275,264,1,1,2011,5,3,B,NA,caleb_smith14,NA
long_island,caleb_smith,2012,CS12-82,14,NA,0.09,NA,NA,11,NA,1,2011,5,0,NA,NA,caleb_smith14,NA
long_island,caleb_smith,2012,CS12-84,14,NA,0.09,NA,NA,8,NA,1,2011,5,0,NA,NA,caleb_smith14,NA
long_island,caleb_smith,2012,CS12-85,14,NA,0.1,NA,NA,9,NA,1,2011,5,0,NA,NA,caleb_smith14,NA
long_island,caleb_smith,2012,CS12-86,14,NA,0.1,NA,NA,13,NA,1,2011,5,0,NA,NA,caleb_smith14,NA
long_island,caleb_smith,2012,CS12-87,14,NA,0.09,NA,NA,14,NA,1,2011,5,0,NA,NA,caleb_smith14,NA
long_island,caleb_smith,2012,CS12-89,14,NA,0.13,NA,NA,13,NA,1,2011,5,0,NA,NA,caleb_smith14,NA
long_island,caleb_smith,2012,CS12-95,14,NA,0.1,NA,NA,12,NA,1,2011,5,0,NA,NA,caleb_smith14,NA
long_island,caleb_smith,2012,CS12-99,14,NA,0.12,NA,NA,19,NA,1,2011,5,0,NA,NA,caleb_smith14,NA
long_island,caleb_smith,2011,2141,15,1.06,1.08,NA,97,89,1,1,2011,1,0,B,NA,caleb_smith15,NA
long_island,caleb_smith,2011,2142,16,0.32,0.37,NA,41,71,1,1,2011,13,12,A,NA,caleb_smith16,NA
long_island,caleb_smith,2011,2143,16,0.42,0.48,NA,71,70,1,1,2011,13,12,A,NA,caleb_smith16,NA
long_island,caleb_smith,2011,2144,16,0.22,0.31,NA,33,33,1,1,2011,13,12,A,NA,caleb_smith16,NA
long_island,caleb_smith,2011,2145,16,1.48,1.9,NA,248,260,1,1,2011,13,3,B,NA,caleb_smith16,NA
long_island,caleb_smith,2011,2146,16,0.57,0.61,NA,113,120,1,1,2011,13,3,B,NA,caleb_smith16,NA
long_island,caleb_smith,2011,2147,16,0.45,0.53,NA,100,106,1,1,2011,13,12,A,NA,caleb_smith16,NA
long_island,caleb_smith,2011,2148,16,0.84,0.93,NA,173,180,1,2,2011,13,3,B,NA,caleb_smith16,NA
long_island,caleb_smith,2011,2149,16,0.45,0.4,NA,95,58,3,2,2011,13,12,A,NA,caleb_smith16,NA
long_island,caleb_smith,2011,2150,16,0.35,0.48,NA,58,96,1,2,2011,13,12,A,NA,caleb_smith16,NA
long_island,caleb_smith,2011,2151,16,0.52,0.62,NA,102,111,1,1,2011,13,3,B,NA,caleb_smith16,NA
long_island,caleb_smith,2011,2152,16,0.35,0.4,NA,58,66,1,1,2011,13,12,A,NA,caleb_smith16,NA
long_island,caleb_smith,2011,CS-18,16,0.15,NA,NA,25,NA,1,NA,2011,13,12,A,NA,caleb_smith16,NA
long_island,caleb_smith,2011,CS-19,16,0.1,0.08,NA,6,8,1,1,2011,13,12,A,NA,caleb_smith16,NA
long_island,caleb_smith,2012,CS12-114,16,NA,0.08,NA,NA,5,NA,1,2011,13,0,NA,NA,caleb_smith16,NA
long_island,caleb_smith,2012,1309,17,NA,0.08,NA,NA,7,NA,1,2011,4,0,NA,NA,caleb_smith17,NA
long_island,caleb_smith,2011,2153,17,1.71,1.79,NA,315,324,2,1,2011,4,2,B,NA,caleb_smith17,NA
long_island,caleb_smith,2011,2154,17,3.35,2.92,3.33,388,389,5,3,2011,4,0,C,NA,caleb_smith17,NA
long_island,caleb_smith,2011,2155,17,1.06,1.12,NA,163,158,3,3,2011,4,2,B,NA,caleb_smith17,NA
long_island,caleb_smith,2011,CS-20,17,0.19,0.21,NA,18,22,1,1,2011,4,3,A,NA,caleb_smith17,NA
long_island,caleb_smith,2012,CS12-141,17,NA,0.1,NA,NA,9,NA,1,2011,4,0,NA,NA,caleb_smith17,NA
long_island,caleb_smith,2012,CS12-142,17,NA,0.25,NA,NA,24,NA,1,2011,4,0,NA,NA,caleb_smith17,NA
long_island,caleb_smith,2012,CS12-145,17,NA,0.13,NA,NA,10,NA,1,2011,4,0,NA,NA,caleb_smith17,NA
long_island,caleb_smith,2011,2156,18,0.22,0.22,NA,22,26,1,1,2011,4,3,A,NA,caleb_smith18,NA
long_island,caleb_smith,2011,2157,18,0.28,0.3,NA,34,35,1,1,2011,4,3,A,NA,caleb_smith18,NA
long_island,caleb_smith,2011,2158,18,3.24,3.29,NA,451,451,2,3,2011,4,1,C,NA,caleb_smith18,NA
long_island,caleb_smith,2011,2159,18,2.7,NA,NA,451,NA,2,NA,2011,4,1,C,NA,caleb_smith18,NA
long_island,caleb_smith,2012,CS12-18,18,NA,0.13,NA,NA,11,NA,1,2011,4,0,NA,NA,caleb_smith18,NA
long_island,caleb_smith,2012,CS12-19,18,NA,0.22,NA,NA,16,NA,1,2011,4,0,NA,NA,caleb_smith18,NA
long_island,caleb_smith,2012,CS12-22,18,NA,0.1,NA,NA,7,NA,1,2011,4,0,NA,NA,caleb_smith18,NA
long_island,caleb_smith,2012,CS12-32,18,NA,0.1,NA,NA,10,NA,1,2011,4,0,NA,NA,caleb_smith18,NA
long_island,caleb_smith,2012,CS12-34,18,NA,0.1,NA,NA,5,NA,1,2011,4,0,NA,NA,caleb_smith18,NA
long_island,caleb_smith,2012,CS12-43,18,NA,0.08,NA,NA,8,NA,1,2011,4,0,NA,NA,caleb_smith18,NA
long_island,caleb_smith,2012,CS12-44,18,NA,0.07,NA,NA,8,NA,1,2011,4,0,NA,NA,caleb_smith18,NA
long_island,caleb_smith,2012,CS12-49,18,NA,0.06,NA,NA,6,NA,1,2011,4,0,NA,NA,caleb_smith18,NA
long_island,caleb_smith,2012,CS12-52,18,NA,0.1,NA,NA,7,NA,1,2011,4,0,NA,NA,caleb_smith18,NA
long_island,caleb_smith,2012,CS12-55,18,NA,0.09,NA,NA,9,NA,1,2011,4,0,NA,NA,caleb_smith18,NA
long_island,caleb_smith,2012,CS12-56,18,NA,0.07,NA,NA,8,NA,1,2011,4,0,NA,NA,caleb_smith18,NA
long_island,caleb_smith,2012,CS12-57,18,NA,0.08,NA,NA,6,NA,1,2011,4,0,NA,NA,caleb_smith18,NA
long_island,caleb_smith,2012,CS12-59,18,NA,0.09,NA,NA,5,NA,1,2011,4,0,NA,NA,caleb_smith18,NA
long_island,caleb_smith,2012,CS12-60,18,NA,0.09,NA,NA,6,NA,1,2011,4,0,NA,NA,caleb_smith18,NA
long_island,caleb_smith,2012,CS12-62,18,NA,0.22,NA,NA,28,NA,1,2011,4,0,NA,NA,caleb_smith18,NA
long_island,caleb_smith,2012,CS12-63,18,NA,0.09,NA,NA,12,NA,1,2011,4,0,NA,NA,caleb_smith18,NA
long_island,caleb_smith,2012,CS12-64,18,NA,0.08,NA,NA,6,NA,1,2011,4,0,NA,NA,caleb_smith18,NA
long_island,caleb_smith,2011,2160,19,1.2,1.25,NA,101,128,1,1,2011,1,0,B,NA,caleb_smith19,NA
long_island,caleb_smith,2012,CS12-138,19,NA,0.08,NA,NA,12,NA,1,2011,1,0,NA,NA,caleb_smith19,NA
long_island,caleb_smith,2011,2114,2,1.91,1.91,NA,362,374,1,1,2011,2,0,B,NA,caleb_smith2,NA
long_island,caleb_smith,2012,CS12-131,2,NA,0.09,NA,NA,10,NA,1,2011,2,0,NA,NA,caleb_smith2,NA
long_island,caleb_smith,2012,CS12-132,2,NA,0.24,NA,NA,24,NA,1,2011,2,0,NA,NA,caleb_smith2,NA
long_island,caleb_smith,2012,CS12-134,2,NA,0.13,NA,NA,15,NA,1,2011,2,0,NA,NA,caleb_smith2,NA
long_island,caleb_smith,2011,P2-2,2,0.1,NA,NA,9,NA,1,NA,2011,2,1,A,NA,caleb_smith2,NA
long_island,caleb_smith,2011,2162,20,0.43,0.46,NA,53,55,1,1,2011,4,3,A,NA,caleb_smith20,NA
long_island,caleb_smith,2011,2163,20,0.5,0.5,NA,85,89,1,1,2011,4,1,B,NA,caleb_smith20,NA
long_island,caleb_smith,2011,2164,20,0.78,0.84,NA,186,187,3,3,2011,4,1,B,NA,caleb_smith20,NA
long_island,caleb_smith,2011,2165,20,0.42,0.48,NA,77,78,2,1,2011,4,3,A,NA,caleb_smith20,NA
long_island,caleb_smith,2012,CS12-129,20,NA,0.1,NA,NA,7,NA,1,2011,4,0,NA,NA,caleb_smith20,NA
long_island,caleb_smith,2011,2076,3,0.55,0.56,NA,117,117,1,1,2011,22,2,B,NA,caleb_smith3,NA
long_island,caleb_smith,2011,2077,3,0.88,0.82,NA,184,187,3,4,2011,22,2,B,NA,caleb_smith3,NA
long_island,caleb_smith,2011,2078,3,0.49,0.53,NA,75,76,1,1,2011,22,21,A,NA,caleb_smith3,NA
long_island,caleb_smith,2011,2079,3,0.28,0.31,NA,43,53,1,1,2011,22,21,A,NA,caleb_smith3,NA
long_island,caleb_smith,2011,2080,3,0.33,0.25,NA,22,24,1,1,2011,22,21,A,NA,caleb_smith3,NA
long_island,caleb_smith,2011,2081,3,0.23,0.23,NA,30,33,1,1,2011,22,21,A,NA,caleb_smith3,NA
long_island,caleb_smith,2011,2082,3,0.24,NA,NA,16,NA,1,NA,2011,22,21,A,NA,caleb_smith3,NA
long_island,caleb_smith,2011,2083,3,0.54,0.56,NA,106,117,4,4,2011,22,2,B,NA,caleb_smith3,NA
long_island,caleb_smith,2011,2084,3,0.34,0.17,NA,83,17,2,5,2011,22,21,A,NA,caleb_smith3,NA
long_island,caleb_smith,2011,2085,3,0.41,0.41,NA,82,73,1,1,2011,22,21,A,NA,caleb_smith3,NA
long_island,caleb_smith,2011,2086,3,0.23,0.22,NA,23,24,2,1,2011,22,21,A,NA,caleb_smith3,NA
long_island,caleb_smith,2011,2087,3,0.26,0.23,NA,44,31,1,2,2011,22,21,A,NA,caleb_smith3,NA
long_island,caleb_smith,2011,2088,3,0.38,0.4,NA,62,59,1,1,2011,22,21,A,NA,caleb_smith3,NA
long_island,caleb_smith,2011,2089,3,0.34,0.4,NA,61,62,1,1,2011,22,21,A,NA,caleb_smith3,NA
long_island,caleb_smith,2011,2090,3,0.22,NA,NA,61,NA,1,NA,2011,22,21,A,NA,caleb_smith3,NA
long_island,caleb_smith,2011,2091,3,0.4,0.4,NA,86,98,3,3,2011,22,21,A,NA,caleb_smith3,NA
long_island,caleb_smith,2011,2092,3,0.42,0.48,NA,108,116,2,2,2011,22,21,A,NA,caleb_smith3,NA
long_island,caleb_smith,2011,CS-1,3,0.22,0.22,NA,32,34,1,1,2011,22,21,A,NA,caleb_smith3,NA
long_island,caleb_smith,2011,CS-2,3,0.23,0.2,NA,28,28,1,1,2011,22,21,A,NA,caleb_smith3,NA
long_island,caleb_smith,2011,CS-3,3,0.21,0.18,NA,39,40,1,1,2011,22,21,A,NA,caleb_smith3,NA
long_island,caleb_smith,2012,CS12-146,3,NA,0.08,NA,NA,8,NA,1,2011,22,0,NA,NA,caleb_smith3,NA
long_island,caleb_smith,2012,CS12-147,3,NA,0.14,NA,NA,11,NA,1,2011,22,0,NA,NA,caleb_smith3,NA
long_island,caleb_smith,2012,CS12-150,3,NA,0.19,NA,NA,16,NA,1,2011,22,0,NA,NA,caleb_smith3,NA
long_island,caleb_smith,2012,CS12-151,3,NA,0.08,NA,NA,9,NA,1,2011,22,0,NA,NA,caleb_smith3,NA
long_island,caleb_smith,2012,CS12-152,3,NA,0.15,NA,NA,21,NA,1,2011,22,0,NA,NA,caleb_smith3,NA
long_island,caleb_smith,2012,CS12-153,3,NA,0.2,NA,NA,12,NA,1,2011,22,0,NA,NA,caleb_smith3,NA
long_island,caleb_smith,2011,P3-3,3,NA,0.1,NA,NA,17,NA,1,2011,22,0,NA,NA,caleb_smith3,NA
long_island,caleb_smith,2011,P3-4,3,0.14,0.14,NA,14,14,1,1,2011,22,21,A,NA,caleb_smith3,NA
long_island,caleb_smith,2011,P3-5,3,NA,0.1,NA,NA,17,NA,1,2011,22,0,NA,NA,caleb_smith3,NA
long_island,caleb_smith,2011,P3-7,3,NA,0.09,NA,NA,8,NA,1,2011,22,0,NA,NA,caleb_smith3,NA
long_island,caleb_smith,2011,P3-8,3,0.1,0.1,NA,14,14,1,1,2011,22,21,A,NA,caleb_smith3,NA
long_island,caleb_smith,2011,P3-9,3,NA,0.13,NA,NA,16,NA,1,2011,22,0,NA,NA,caleb_smith3,NA
long_island,caleb_smith,2011,2060,4,0.98,1.15,NA,187,187,2,2,2011,3,2,B,NA,caleb_smith4,NA
long_island,caleb_smith,2011,2061,4,0.52,0.52,NA,97,94,1,1,2011,3,2,B,NA,caleb_smith4,NA
long_island,caleb_smith,2011,2062,4,2.47,2.44,2.65,401,451,10,9,2011,3,0,C,NA,caleb_smith4,NA
long_island,caleb_smith,2011,2093,5,0.3,0.29,NA,57,58,2,1,2011,1,0,A,NA,caleb_smith5,NA
long_island,caleb_smith,2011,2053,6,0.61,0.59,NA,118,124,1,1,2011,1,0,B,NA,caleb_smith6,NA
long_island,caleb_smith,2011,2054,7,0.36,0.4,NA,44,58,1,1,2011,6,5,A,NA,caleb_smith7,NA
long_island,caleb_smith,2011,2055,7,1.21,1.15,1.35,231,139,1,1,2011,6,1,B,NA,caleb_smith7,NA
long_island,caleb_smith,2011,2056,7,1.13,1.32,NA,208,223,1,1,2011,6,1,B,NA,caleb_smith7,NA
long_island,caleb_smith,2011,2057,7,0.18,0.22,NA,17,17,2,2,2011,6,5,A,NA,caleb_smith7,NA
long_island,caleb_smith,2011,2058,7,0.33,0.31,NA,40,42,2,2,2011,6,5,A,NA,caleb_smith7,NA
long_island,caleb_smith,2011,2059,7,0.3,0.33,NA,37,45,2,2,2011,6,5,A,NA,caleb_smith7,NA
long_island,caleb_smith,2011,2094,8,1.32,1.38,NA,211,70,1,1,2011,33,4,B,NA,caleb_smith8,NA
long_island,caleb_smith,2011,2095,8,0.47,0.52,NA,83,87,1,1,2011,33,32,A,NA,caleb_smith8,NA
long_island,caleb_smith,2011,2096,8,0.48,0.5,NA,79,79,1,1,2011,33,32,A,NA,caleb_smith8,NA
long_island,caleb_smith,2011,2097,8,0.45,0.52,NA,52,57,1,1,2011,33,32,A,NA,caleb_smith8,NA
long_island,caleb_smith,2011,2098,8,0.72,0.72,NA,139,126,3,2,2011,33,4,B,NA,caleb_smith8,NA
long_island,caleb_smith,NA,2099,8,NA,0.45,NA,NA,62,NA,1,2011,33,0,NA,NA,caleb_smith8,NA
long_island,caleb_smith,2011,2100,8,0.67,0.7,NA,133,143,1,1,2011,33,4,B,NA,caleb_smith8,NA
long_island,caleb_smith,2011,2101,8,0.4,0.46,NA,74,70,1,1,2011,33,32,A,NA,caleb_smith8,NA
long_island,caleb_smith,2011,2102,8,0.49,0.48,NA,113,120,4,4,2011,33,32,A,NA,caleb_smith8,NA
long_island,caleb_smith,2011,2103,8,0.38,0.4,NA,72,68,1,2,2011,33,32,A,NA,caleb_smith8,NA
long_island,caleb_smith,2011,2104,8,0.45,0.51,NA,71,84,4,4,2011,33,32,A,NA,caleb_smith8,NA
long_island,caleb_smith,2011,2105,8,0.47,0.48,NA,101,98,1,1,2011,33,32,A,NA,caleb_smith8,NA
long_island,caleb_smith,2011,2106,8,0.99,1.31,NA,205,213,1,1,2011,33,4,B,NA,caleb_smith8,NA
long_island,caleb_smith,2011,2107,8,0.36,0.39,NA,82,68,1,1,2011,33,32,A,NA,caleb_smith8,NA
long_island,caleb_smith,2011,2108,8,0.9,0.91,NA,207,156,2,2,2011,33,4,B,NA,caleb_smith8,NA
long_island,caleb_smith,2011,2109,8,0.45,0.52,NA,81,76,1,1,2011,33,32,A,NA,caleb_smith8,NA
long_island,caleb_smith,2011,2110,8,0.44,0.46,NA,85,82,1,2,2011,33,32,A,NA,caleb_smith8,NA
long_island,caleb_smith,2011,2111,8,0.38,0.42,NA,81,69,2,2,2011,33,32,A,NA,caleb_smith8,NA
long_island,caleb_smith,2011,2112,8,0.41,0.44,NA,78,70,2,2,2011,33,32,A,NA,caleb_smith8,NA
long_island,caleb_smith,2011,2113,8,0.4,0.36,NA,69,73,1,1,2011,33,32,A,NA,caleb_smith8,NA
long_island,caleb_smith,2011,CS-10,8,0.27,0.26,NA,48,47,1,2,2011,33,32,A,NA,caleb_smith8,NA
long_island,caleb_smith,2011,CS-11,8,0.28,0.28,NA,47,49,1,1,2011,33,32,A,NA,caleb_smith8,NA
long_island,caleb_smith,2011,CS-12,8,0.26,0.25,NA,42,44,1,2,2011,33,32,A,NA,caleb_smith8,NA
long_island,caleb_smith,2011,CS-13,8,0.36,0.38,NA,77,80,1,1,2011,33,32,A,NA,caleb_smith8,NA
long_island,caleb_smith,2011,CS-14,8,0.28,0.3,NA,51,52,1,1,2011,33,32,A,NA,caleb_smith8,NA
long_island,caleb_smith,2011,CS-15,8,0.34,0.38,NA,72,64,1,1,2011,33,32,A,NA,caleb_smith8,NA
long_island,caleb_smith,2011,CS-4,8,0.25,0.39,NA,36,41,1,1,2011,33,32,A,NA,caleb_smith8,NA
long_island,caleb_smith,2011,CS-5,8,0.2,0.21,NA,29,33,1,1,2011,33,32,A,NA,caleb_smith8,NA
long_island,caleb_smith,2011,CS-6,8,0.18,0.26,NA,30,38,1,1,2011,33,32,A,NA,caleb_smith8,NA
long_island,caleb_smith,2011,CS-7,8,0.23,0.18,NA,32,34,2,3,2011,33,32,A,NA,caleb_smith8,NA
long_island,caleb_smith,2011,CS-8,8,0.32,0.35,NA,49,55,1,1,2011,33,32,A,NA,caleb_smith8,NA
long_island,caleb_smith,2011,CS-9,8,0.2,0.19,NA,25,27,1,1,2011,33,32,A,NA,caleb_smith8,NA
long_island,caleb_smith,2012,CS12-156,8,NA,0.07,NA,NA,8,NA,1,2011,33,0,NA,NA,caleb_smith8,NA
long_island,caleb_smith,2012,CS12-157,8,NA,0.2,NA,NA,24,NA,1,2011,33,0,NA,NA,caleb_smith8,NA
long_island,caleb_smith,2012,CS12-158,8,NA,0.23,NA,NA,23,NA,1,2011,33,0,NA,NA,caleb_smith8,NA
long_island,caleb_smith,2012,CS12-159,8,NA,0.12,NA,NA,12,NA,1,2011,33,0,NA,NA,caleb_smith8,NA
long_island,caleb_smith,2012,CS12-160,8,NA,0.09,NA,NA,6,NA,1,2011,33,0,NA,NA,caleb_smith8,NA
long_island,caleb_smith,2012,CS12-161,8,NA,0.09,NA,NA,6,NA,1,2011,33,0,NA,NA,caleb_smith8,NA
long_island,caleb_smith,2011,P8-3,8,0.08,0.11,NA,7,8,1,1,2011,33,32,A,NA,caleb_smith8,NA
long_island,caleb_smith,2011,P8-4,8,0.14,NA,NA,13,NA,1,NA,2011,33,32,A,NA,caleb_smith8,NA
long_island,caleb_smith,2011,P8-8,8,NA,0.15,NA,NA,15,NA,1,2011,33,0,NA,NA,caleb_smith8,NA
long_island,caleb_smith,2011,P8-9,8,NA,0.15,NA,NA,15,NA,1,2011,33,0,NA,NA,caleb_smith8,NA
long_island,caleb_smith,2011,2063,9,2.5,2.58,NA,401,401,1,1,2011,4,1,C,NA,caleb_smith9,NA
long_island,caleb_smith,2011,2064,9,3.33,3.23,NA,234,295,3,5,2011,4,1,C,NA,caleb_smith9,NA
long_island,caleb_smith,2011,2065,9,1.65,1.77,NA,305,321,3,3,2011,4,2,B,NA,caleb_smith9,NA
long_island,caleb_smith,2011,2066,9,0.48,0.61,NA,86,131,3,2,2011,4,3,A,NA,caleb_smith9,NA
long_island,sbu_sib,2011,2167,1,1.7,1.9,NA,203,201,1,1,2011,1,0,B,NA,sbu_sib1,NA
long_island,sbu_sib,2011,2199,10,1.28,1.35,NA,168,177,1,1,2011,1,0,B,NA,sbu_sib10,NA
long_island,sbu_sib,2011,2200,11,1.72,1.7,NA,228,245,3,5,2011,1,0,B,NA,sbu_sib11,NA
long_island,sbu_sib,2011,2201,12,1.38,1.35,NA,207,212,2,3,2011,2,1,B,NA,sbu_sib12,NA
long_island,sbu_sib,2011,2202,12,0.95,NA,NA,155,NA,1,NA,2011,2,1,B,NA,sbu_sib12,NA
long_island,sbu_sib,2011,2203,13,2.45,2.42,NA,272,279,5,6,2011,1,0,C,NA,sbu_sib13,NA
long_island,sbu_sib,2011,2204,14,3.11,3.28,NA,291,292,1,1,2011,1,0,C,NA,sbu_sib14,NA
long_island,sbu_sib,2011,2205,15,0.58,0.58,NA,17,32,1,1,2011,1,0,B,NA,sbu_sib15,NA
long_island,sbu_sib,2011,2206,16,3.23,3.05,3.5,384,390,2,2,2011,1,0,C,NA,sbu_sib16,NA
long_island,sbu_sib,2011,2207,17,2.41,2.46,NA,251,252,1,1,2011,1,0,C,NA,sbu_sib17,NA
long_island,sbu_sib,2011,2208,18,3.75,3.9,NA,298,316,1,1,2011,2,0,D,NA,sbu_sib18,NA
long_island,sbu_sib,2011,2209,18,1.51,NA,NA,157,NA,2,NA,2011,2,1,B,NA,sbu_sib18,NA
long_island,sbu_sib,2011,2210,19,2.17,2.16,NA,95,131,3,1,2011,1,0,C,NA,sbu_sib19,NA
long_island,sbu_sib,2011,2168,2,0.29,0.36,NA,25,31,2,2,2011,6,5,A,NA,sbu_sib2,NA
long_island,sbu_sib,2011,2169,2,0.16,0.19,NA,22,12,1,1,2011,6,5,A,NA,sbu_sib2,NA
long_island,sbu_sib,2011,2170,2,0.35,0.39,NA,27,27,1,2,2011,6,5,A,NA,sbu_sib2,NA
long_island,sbu_sib,2011,2171,2,0.41,0.43,NA,56,58,1,1,2011,6,5,A,NA,sbu_sib2,NA
long_island,sbu_sib,2011,2172,2,0.91,0.99,NA,96,101,2,2,2011,6,0,B,NA,sbu_sib2,NA
long_island,sbu_sib,2011,2173,2,0.25,0.3,NA,25,27,1,1,2011,6,5,A,NA,sbu_sib2,NA
long_island,sbu_sib,2011,2211,20,0.53,0.55,NA,83,78,3,3,2011,2,1,B,NA,sbu_sib20,NA
long_island,sbu_sib,2011,2212,20,0.64,0.67,NA,114,114,3,3,2011,2,1,B,NA,sbu_sib20,NA
long_island,sbu_sib,2011,2174,3,0.75,0.72,NA,121,82,3,2,2011,1,0,B,NA,sbu_sib3,NA
long_island,sbu_sib,2011,2175,4,2.01,2,2.3,200,213,2,2,2011,11,3,C,NA,sbu_sib4,NA
long_island,sbu_sib,2011,2176,4,1.2,1.4,NA,135,107,1,1,2011,11,10,B,NA,sbu_sib4,NA
long_island,sbu_sib,2011,2177,4,1.97,NA,NA,203,NA,2,NA,2011,11,10,B,NA,sbu_sib4,NA
long_island,sbu_sib,2011,2178,4,0.55,NA,NA,83,NA,2,NA,2011,11,10,B,NA,sbu_sib4,NA
long_island,sbu_sib,2011,2179,4,0.59,NA,NA,67,NA,1,NA,2011,11,10,B,NA,sbu_sib4,NA
long_island,sbu_sib,2011,2180,4,0.84,NA,NA,79,NA,1,NA,2011,11,10,B,NA,sbu_sib4,NA
long_island,sbu_sib,2011,2181,4,4.08,4.25,NA,325,324,2,2,2011,11,0,D,NA,sbu_sib4,NA
long_island,sbu_sib,2011,2182,4,2.91,3.1,NA,315,229,1,1,2011,11,3,C,NA,sbu_sib4,NA
long_island,sbu_sib,2011,2183,4,1.58,1.75,NA,177,187,2,2,2011,11,10,B,NA,sbu_sib4,NA
long_island,sbu_sib,2011,2184,4,3.24,3.25,NA,346,355,2,2,2011,11,3,C,NA,sbu_sib4,NA
long_island,sbu_sib,2011,2185,4,0.64,NA,NA,70,NA,1,NA,2011,11,10,B,1,sbu_sib4,NA
long_island,sbu_sib,2011,2186,5,3.95,4.15,NA,364,360,1,1,2011,7,0,D,NA,sbu_sib5,NA
long_island,sbu_sib,2011,2187,5,1.68,1.76,NA,146,143,1,1,2011,7,6,B,NA,sbu_sib5,NA
long_island,sbu_sib,2011,2188,5,0.63,0.63,NA,113,119,1,1,2011,7,6,B,NA,sbu_sib5,NA
long_island,sbu_sib,2011,2189,5,0.71,0.73,NA,140,142,1,1,2011,7,6,B,NA,sbu_sib5,NA
long_island,sbu_sib,2011,2190,5,1.25,1.25,NA,162,159,1,1,2011,7,6,B,NA,sbu_sib5,NA
long_island,sbu_sib,2011,2191,5,0.9,0.91,NA,104,113,2,2,2011,7,6,B,NA,sbu_sib5,NA
long_island,sbu_sib,2011,2192,5,0.72,0.85,NA,120,123,1,1,2011,7,6,B,NA,sbu_sib5,NA
long_island,sbu_sib,2011,2193,6,3.24,3.04,3.25,380,375,1,1,2011,2,0,C,NA,sbu_sib6,NA
long_island,sbu_sib,2011,2194,6,1.2,1.25,NA,143,146,1,1,2011,2,1,B,NA,sbu_sib6,NA
long_island,sbu_sib,2011,2195,7,6.57,6.54,6.67,451,451,4,7,2011,1,0,D,NA,sbu_sib7,NA
long_island,sbu_sib,2011,2196,8,1.49,1.51,NA,244,245,7,5,2011,2,1,B,NA,sbu_sib8,NA
long_island,sbu_sib,2011,2197,8,2.12,2.05,NA,377,346,3,1,2011,2,0,C,NA,sbu_sib8,NA
long_island,sbu_sib,2011,2198,9,2.24,2.31,2.43,248,247,1,1,2011,1,0,C,NA,sbu_sib9,NA
long_island,sbu_southp,2011,2047,1,0.5,0.51,NA,96,97,2,2,2011,1,0,B,NA,sbu_southp1,NA
long_island,sbu_southp,2011,2038,10,2.5,2.91,NA,360,401,1,1,2011,4,0,C,NA,sbu_southp10,NA
long_island,sbu_southp,2011,2039,10,1.9,2.02,NA,225,255,1,1,2011,4,3,B,NA,sbu_southp10,NA
long_island,sbu_southp,2011,2040,10,0.66,0.78,NA,121,136,1,1,2011,4,3,B,NA,sbu_southp10,NA
long_island,sbu_southp,2011,2041,10,0.5,NA,NA,37,NA,1,NA,2011,4,3,B,NA,sbu_southp10,NA
long_island,sbu_southp,2011,2009,11,0.79,0.79,NA,162,165,1,1,2011,7,2,B,NA,sbu_southp11,NA
long_island,sbu_southp,2011,2010,11,0.94,0.95,NA,173,180,2,4,2011,7,2,B,NA,sbu_southp11,NA
long_island,sbu_southp,2011,2011,11,0.43,0.45,NA,84,92,1,1,2011,7,6,A,NA,sbu_southp11,NA
long_island,sbu_southp,2011,2012,11,0.43,0.48,NA,95,99,3,3,2011,7,6,A,NA,sbu_southp11,NA
long_island,sbu_southp,2011,2013,11,1.4,1.53,NA,158,252,1,1,2011,7,2,B,NA,sbu_southp11,NA
long_island,sbu_southp,2011,SB1,11,0.15,0.19,NA,11,15,1,1,2011,7,6,A,NA,sbu_southp11,NA
long_island,sbu_southp,2011,SB2,11,0.1,NA,NA,8,NA,1,NA,2011,7,6,A,NA,sbu_southp11,NA
long_island,sbu_southp,2011,P12-1,12,0.14,NA,NA,12,NA,1,NA,2011,5,4,A,NA,sbu_southp12,NA
long_island,sbu_southp,2011,P12-3,12,0.11,0.14,NA,10,12,1,1,2011,5,4,A,NA,sbu_southp12,NA
long_island,sbu_southp,2011,P12-4,12,0.14,0.13,NA,7,11,1,1,2011,5,4,A,NA,sbu_southp12,NA
long_island,sbu_southp,2011,P12-5,12,0.14,NA,NA,11,NA,1,NA,2011,5,4,A,NA,sbu_southp12,NA
long_island,sbu_southp,2012,SB12-17,12,NA,0.13,NA,NA,8,NA,1,2011,5,0,NA,NA,sbu_southp12,NA
long_island,sbu_southp,2011,SB4,12,0.11,NA,NA,9,NA,1,NA,2011,5,4,A,NA,sbu_southp12,NA
long_island,sbu_southp,2011,2021,13,0.33,0.36,NA,62,69,3,1,2011,2,1,A,NA,sbu_southp13,NA
long_island,sbu_southp,2011,2022,13,0.68,0.7,NA,127,128,1,1,2011,2,0,B,NA,sbu_southp13,NA
long_island,sbu_southp,2011,2031,14,0.57,0.59,NA,82,80,6,2,2011,5,1,B,NA,sbu_southp14,NA
long_island,sbu_southp,2011,2032,14,1.28,1.32,NA,172,195,16,14,2011,5,1,B,NA,sbu_southp14,NA
long_island,sbu_southp,2011,2033,14,0.27,NA,NA,20,NA,1,NA,2011,5,4,A,NA,sbu_southp14,NA
long_island,sbu_southp,2012,SB12-14,14,NA,0.15,NA,NA,14,NA,1,2011,5,0,NA,NA,sbu_southp14,NA
long_island,sbu_southp,2011,SB7,14,0.11,NA,NA,9,NA,1,NA,2011,5,4,A,NA,sbu_southp14,NA
long_island,sbu_southp,2011,SB8,14,0.11,NA,NA,12,NA,1,NA,2011,5,4,A,NA,sbu_southp14,NA
long_island,sbu_southp,2011,2035,15,1.15,1.21,NA,138,153,1,1,2011,3,2,B,NA,sbu_southp15,NA
long_island,sbu_southp,2011,2036,15,0.67,0.82,NA,117,128,1,1,2011,3,2,B,NA,sbu_southp15,NA
long_island,sbu_southp,2011,2037,15,5.2,5.17,5.6,451,451,5,8,2011,3,0,D,NA,sbu_southp15,NA
long_island,sbu_southp,2011,2003,16,1.78,1.84,NA,269,288,1,1,2011,6,4,B,NA,sbu_southp16,NA
long_island,sbu_southp,2011,2004,16,2.51,2.37,NA,290,323,1,1,2011,6,1,C,NA,sbu_southp16,NA
long_island,sbu_southp,2011,2005,16,1.49,1.41,NA,216,214,2,2,2011,6,4,B,NA,sbu_southp16,NA
long_island,sbu_southp,2011,2006,16,3.68,3.45,3.75,451,451,1,3,2011,6,0,D,NA,sbu_southp16,NA
long_island,sbu_southp,2011,2007,16,0.37,NA,NA,30,NA,1,NA,2011,6,5,A,NA,sbu_southp16,NA
long_island,sbu_southp,2011,2008,16,0.79,0.78,NA,63,61,1,1,2011,6,4,B,NA,sbu_southp16,NA
long_island,sbu_southp,2011,2034,17,4.26,4.34,NA,281,299,15,21,2011,9,0,D,NA,sbu_southp17,NA
long_island,sbu_southp,2011,SB10,17,0.12,0.16,NA,8,13,2,2,2011,9,8,A,NA,sbu_southp17,NA
long_island,sbu_southp,2011,SB11,17,0.1,NA,NA,10,NA,1,NA,2011,9,8,A,NA,sbu_southp17,NA
long_island,sbu_southp,2011,SB12,17,0.09,NA,NA,9,NA,1,NA,2011,9,8,A,NA,sbu_southp17,NA
long_island,sbu_southp,2012,SB12-5,17,NA,0.15,NA,NA,12,NA,1,2011,9,0,NA,NA,sbu_southp17,NA
long_island,sbu_southp,2012,SB12-8,17,NA,0.23,NA,NA,29,NA,2,2011,9,0,NA,NA,sbu_southp17,NA
long_island,sbu_southp,2011,SB13,17,0.14,NA,NA,13,NA,1,NA,2011,9,8,A,NA,sbu_southp17,NA
long_island,sbu_southp,2011,SB14,17,0.1,NA,NA,13,NA,1,NA,2011,9,8,A,NA,sbu_southp17,NA
long_island,sbu_southp,2011,SB15,17,0.11,NA,NA,10,NA,1,NA,2011,9,8,A,NA,sbu_southp17,NA
long_island,sbu_southp,2011,SB16,17,0.07,NA,NA,9,NA,1,NA,2011,9,8,A,NA,sbu_southp17,NA
long_island,sbu_southp,2011,SP9,17,0.12,NA,NA,13,NA,1,NA,2011,9,8,A,NA,sbu_southp17,NA
long_island,sbu_southp,2011,2025,18,0.83,0.81,NA,124,120,2,2,2011,2,1,B,NA,sbu_southp18,NA
long_island,sbu_southp,2011,2026,18,2.31,2.58,NA,235,349,2,2,2011,2,0,C,NA,sbu_southp18,NA
long_island,sbu_southp,2011,2048,19,0.76,0.8,NA,138,148,1,1,2011,2,1,B,NA,sbu_southp19,NA
long_island,sbu_southp,2011,2049,19,2.81,2.85,2.95,387,79,5,5,2011,2,0,C,NA,sbu_southp19,NA
long_island,sbu_southp,2011,2042,2,1.19,1.33,NA,116,146,4,4,2011,2,0,B,NA,sbu_southp2,NA
long_island,sbu_southp,2011,2043,2,0.23,0.34,NA,22,33,1,1,2011,2,1,A,NA,sbu_southp2,NA
long_island,sbu_southp,2012,SB12-12,2,NA,0.24,NA,NA,23,NA,1,2011,2,0,NA,NA,sbu_southp2,NA
long_island,sbu_southp,2011,2050,20,2.72,2.85,NA,401,401,6,5,2011,3,0,C,NA,sbu_southp20,NA
long_island,sbu_southp,2011,2051,20,0.62,0.63,NA,95,99,3,3,2011,3,2,B,NA,sbu_southp20,NA
long_island,sbu_southp,2011,2052,20,1.33,1.34,NA,161,159,4,4,2011,3,2,B,NA,sbu_southp20,NA
long_island,sbu_southp,2011,2014,3,0.35,0.52,NA,29,32,1,1,2011,5,4,A,NA,sbu_southp3,NA
long_island,sbu_southp,2011,2015,3,0.43,0.66,NA,84,90,2,2,2011,5,4,A,NA,sbu_southp3,NA
long_island,sbu_southp,2011,2016,3,0.37,0.37,NA,33,38,3,3,2011,5,4,A,NA,sbu_southp3,NA
long_island,sbu_southp,2011,2017,3,0.3,0.3,NA,35,41,1,1,2011,5,4,A,NA,sbu_southp3,NA
long_island,sbu_southp,2011,2018,3,3.4,3.19,3.53,451,451,2,2,2011,5,0,C,NA,sbu_southp3,NA
long_island,sbu_southp,2011,2019,4,1.11,1.13,NA,209,207,3,3,2011,2,1,B,NA,sbu_southp4,NA
long_island,sbu_southp,2011,2020,4,0.69,0.78,NA,139,137,1,1,2011,2,1,B,NA,sbu_southp4,NA
long_island,sbu_southp,2011,2001,5,0.3,NA,NA,45,NA,1,NA,2011,2,1,A,NA,sbu_southp5,NA
long_island,sbu_southp,2011,2002,5,0.27,NA,NA,13,NA,1,NA,2011,2,1,A,NA,sbu_southp5,NA
long_island,sbu_southp,2012,25-Dec,5,NA,0.62,NA,NA,114,NA,1,2011,2,0,NA,NA,sbu_southp5,NA
long_island,sbu_southp,2011,2023,6,1.93,1.93,NA,275,287,1,1,2011,2,0,B,NA,sbu_southp6,NA
long_island,sbu_southp,2011,2024,6,0.34,0.36,NA,54,52,1,1,2011,2,1,A,NA,sbu_southp6,NA
long_island,sbu_southp,2011,2029,7,0.19,NA,NA,18,NA,1,NA,2011,3,2,A,NA,sbu_southp7,NA
long_island,sbu_southp,2011,2030,7,1.26,1.28,NA,191,198,2,3,2011,3,0,B,NA,sbu_southp7,NA
long_island,sbu_southp,2012,SB12-25,7,NA,0.2,NA,NA,17,NA,1,2011,3,0,NA,NA,sbu_southp7,NA
long_island,sbu_southp,2011,SB6,7,0.1,NA,NA,9,NA,1,NA,2011,3,2,A,NA,sbu_southp7,NA
long_island,sbu_southp,2011,2027,8,2.41,0.72,NA,306,129,2,4,2011,3,0,C,NA,sbu_southp8,NA
long_island,sbu_southp,2011,2028,8,0.44,0.57,NA,66,72,1,1,2011,3,2,A,NA,sbu_southp8,NA
long_island,sbu_southp,2011,SB5,8,0.07,NA,NA,5,NA,1,NA,2011,3,2,A,NA,sbu_southp8,NA
long_island,sbu_southp,2011,2044,9,2.39,2.79,NA,380,401,3,3,2011,7,1,C,NA,sbu_southp9,NA
long_island,sbu_southp,2011,2045,9,0.75,0.77,NA,121,133,2,2,2011,7,2,B,NA,sbu_southp9,NA
long_island,sbu_southp,2011,2046,9,4.43,4.25,4.99,401,200,2,2,2011,7,0,D,NA,sbu_southp9,NA
long_island,sbu_southp,2011,SB17,9,0.14,NA,NA,11,NA,1,NA,2011,7,6,A,NA,sbu_southp9,NA
long_island,sbu_southp,2011,SB18,9,0.11,NA,NA,18,NA,1,NA,2011,7,6,A,NA,sbu_southp9,NA
long_island,sbu_southp,2011,SB19,9,0.09,NA,NA,8,NA,1,NA,2011,7,6,A,NA,sbu_southp9,NA
long_island,sbu_southp,2011,SB20,9,0.07,NA,NA,8,NA,1,NA,2011,7,6,A,NA,sbu_southp9,NA
